id,area,competence_no,competence,thread_no,thread,from_level,to_level,level_name,proficiency_level,text_as_printed,text_clean,printed_page,pdf_page
1.1.1.L1,Ideas and opportunities,1.1,Spotting opportunities,1,"Identify, create and seize opportunities",1,1,Discover,Foundation,I can find opportunities to help others.,I can find opportunities to help others.,23,25
1.1.1.L2,Ideas and opportunities,1.1,Spotting opportunities,1,"Identify, create and seize opportunities",2,2,Explore,Foundation,I can recognise opportunities to create value in my community and surroundings.,I can recognise opportunities to create value in my community and surroundings.,23,25
1.1.1.L3,Ideas and opportunities,1.1,Spotting opportunities,1,"Identify, create and seize opportunities",3,3,Experiment,Intermediate,I can explain what makes an opportunity to create value.,I can explain what makes an opportunity to create value.,23,25
1.1.1.L4,Ideas and opportunities,1.1,Spotting opportunities,1,"Identify, create and seize opportunities",4,4,Dare,Intermediate,"I can proactively look for opportunities to create value, including out of necessity.","I can proactively look for opportunities to create value, including out of necessity.",23,25
1.1.1.L5,Ideas and opportunities,1.1,Spotting opportunities,1,"Identify, create and seize opportunities",5,5,Improve,Advanced,I can describe different analytical approaches to identify entrepreneurial opportunities.,I can describe different analytical approaches to identify entrepreneurial opportunities.,23,25
1.1.1.L6,Ideas and opportunities,1.1,Spotting opportunities,1,"Identify, create and seize opportunities",6,6,Reinforce,Advanced,I can use my knowledge and understanding of the context to make opportunities to create value.,I can use my knowledge and understanding of the context to make opportunities to create value.,23,25
1.1.1.L7,Ideas and opportunities,1.1,Spotting opportunities,1,"Identify, create and seize opportunities",7,7,Expand,Expert,"I can judge opportunities for creating value and decide whether to follow these up at different levels of the system I am working in (for example, micro, meso or macro).","I can judge opportunities for creating value and decide whether to follow these up at different levels of the system I am working in (for example, micro, meso or macro).",23,25
1.1.1.L8,Ideas and opportunities,1.1,Spotting opportunities,1,"Identify, create and seize opportunities",8,8,Transform,Expert,I can spot and quickly take advantage of an opportunity.,I can spot and quickly take advantage of an opportunity.,23,25
1.1.2.L1,Ideas and opportunities,1.1,Spotting opportunities,2,Focus on challenges,1,1,Discover,Foundation,I can find different examples of challenges that need solutions.,I can find different examples of challenges that need solutions.,23,25
1.1.2.L2,Ideas and opportunities,1.1,Spotting opportunities,2,Focus on challenges,2,2,Explore,Foundation,I can recognise challenges in my community and surroundings that I can contribute to solving.,I can recognise challenges in my community and surroundings that I can contribute to solving.,23,25
1.1.2.L3,Ideas and opportunities,1.1,Spotting opportunities,2,Focus on challenges,3,3,Experiment,Intermediate,I can identify opportunities to solve problems in alternative ways.,I can identify opportunities to solve problems in alternative ways.,23,25
1.1.2.L4,Ideas and opportunities,1.1,Spotting opportunities,2,Focus on challenges,4,4,Dare,Intermediate,"I can redefine the description of a challenge, so that alternative opportunities address it may become apparent.","I can redefine the description of a challenge, so that alternative opportunities address it may become apparent.",23,25
1.1.2.L5,Ideas and opportunities,1.1,Spotting opportunities,2,Focus on challenges,5,5,Improve,Advanced,I can take apart established practices and challenge mainstream thought to create opportunities and look at challenges in different ways.,I can take apart established practices and challenge mainstream thought to create opportunities and look at challenges in different ways.,23,25
1.1.2.L6,Ideas and opportunities,1.1,Spotting opportunities,2,Focus on challenges,6,6,Reinforce,Advanced,I can judge the right time to take an opportunity to create value.,I can judge the right time to take an opportunity to create value.,23,25
1.1.2.L7,Ideas and opportunities,1.1,Spotting opportunities,2,Focus on challenges,7,7,Expand,Expert,I can cluster different opportunities or identify synergies among different opportunities to make the most out of them,I can cluster different opportunities or identify synergies among different opportunities to make the most out of them,23,25
1.1.2.L8,Ideas and opportunities,1.1,Spotting opportunities,2,Focus on challenges,8,8,Transform,Expert,I can define opportunities where I can maintain a competitive advantage.,I can define opportunities where I can maintain a competitive advantage.,23,25
1.1.3.L1,Ideas and opportunities,1.1,Spotting opportunities,3,Uncover needs,1,1,Discover,Foundation,I can find examples of groups who have benefited from a solution to a given problem.,I can find examples of groups who have benefited from a solution to a given problem.,23,25
1.1.3.L2,Ideas and opportunities,1.1,Spotting opportunities,3,Uncover needs,2,2,Explore,Foundation,I can identify needs in my community and surroundings that have not been met.,I can identify needs in my community and surroundings that have not been met.,23,25
1.1.3.L3,Ideas and opportunities,1.1,Spotting opportunities,3,Uncover needs,3,3,Experiment,Intermediate,I can explain that different groups may have different needs.,I can explain that different groups may have different needs.,23,25
1.1.3.L4,Ideas and opportunities,1.1,Spotting opportunities,3,Uncover needs,4,4,Dare,Intermediate,"I can establish which user group, and which needs, I want to tackle through creating value.","I can establish which user group, and which needs, I want to tackle through creating value.",23,25
1.1.3.L5,Ideas and opportunities,1.1,Spotting opportunities,3,Uncover needs,5,5,Improve,Advanced,I can carry out a needs analysis involving relevant stakeholders.,I can carry out a needs analysis involving relevant stakeholders.,23,25
1.1.3.L6,Ideas and opportunities,1.1,Spotting opportunities,3,Uncover needs,6,6,Reinforce,Advanced,I can identify challenges related to the contrasting needs and interests of different stakeholders.,I can identify challenges related to the contrasting needs and interests of different stakeholders.,23,25
1.1.3.L7,Ideas and opportunities,1.1,Spotting opportunities,3,Uncover needs,7,7,Expand,Expert,I can produce a ‘roadmap’ which matches the needs with the actions needed to deal with them and helps me create value.,I can produce a ‘roadmap’ which matches the needs with the actions needed to deal with them and helps me create value.,23,25
1.1.3.L8,Ideas and opportunities,1.1,Spotting opportunities,3,Uncover needs,8,8,Transform,Expert,I can design projects which aim to anticipate future needs.,I can design projects which aim to anticipate future needs.,23,25
1.1.4.L1,Ideas and opportunities,1.1,Spotting opportunities,4,Analyse the context,1,1,Discover,Foundation,"I can tell the difference between different areas where value can be created (for example, at home, in the community, in the environment, or in the economy or society).","I can tell the difference between different areas where value can be created (for example, at home, in the community, in the environment, or in the economy or society).",24,26
1.1.4.L2,Ideas and opportunities,1.1,Spotting opportunities,4,Analyse the context,2,2,Explore,Foundation,"I can recognise the different roles the public, private and third sectors play in my region or country.","I can recognise the different roles the public, private and third sectors play in my region or country.",24,26
1.1.4.L3,Ideas and opportunities,1.1,Spotting opportunities,4,Analyse the context,3,3,Experiment,Intermediate,"I can tell the difference between contexts for creating value (for example, communities and informal networks, existing organisations, the market).","I can tell the difference between contexts for creating value (for example, communities and informal networks, existing organisations, the market).",24,26
1.1.4.L4,Ideas and opportunities,1.1,Spotting opportunities,4,Analyse the context,4,4,Dare,Intermediate,"I can identify my personal, social and professional opportunities for creating value, both in existing organisations or by setting up new ventures.","I can identify my personal, social and professional opportunities for creating value, both in existing organisations or by setting up new ventures.",24,26
1.1.4.L5,Ideas and opportunities,1.1,Spotting opportunities,4,Analyse the context,5,5,Improve,Advanced,I can identify the boundaries of the system that are relevant to my (or my team's) value-creating activity.,I can identify the boundaries of the system that are relevant to my (or my team's) value-creating activity.,24,26
1.1.4.L6,Ideas and opportunities,1.1,Spotting opportunities,4,Analyse the context,6,6,Reinforce,Advanced,I can analyse an existing value-creation activity by looking at it as a whole and identifying opportunities to develop it further.,I can analyse an existing value-creation activity by looking at it as a whole and identifying opportunities to develop it further.,24,26
1.1.4.L7,Ideas and opportunities,1.1,Spotting opportunities,4,Analyse the context,7,7,Expand,Expert,I can monitor relevant trends and see how they create threats and new opportunities to create value.,I can monitor relevant trends and see how they create threats and new opportunities to create value.,24,26
1.1.4.L8,Ideas and opportunities,1.1,Spotting opportunities,4,Analyse the context,8,8,Transform,Expert,"I can promote a culture within my organisation that is open to spotting the weak signals of change, leading to new opportunities for creating value.","I can promote a culture within my organisation that is open to spotting the weak signals of change, leading to new opportunities for creating value.",24,26
1.2.1.L1,Ideas and opportunities,1.2,Creativity,1,Be curious and open,1,1,Discover,Foundation,I can show that I am curious about new things.,I can show that I am curious about new things.,24,26
1.2.1.L2,Ideas and opportunities,1.2,Creativity,1,Be curious and open,2,2,Explore,Foundation,I can explore new ways to make use of existing resources.,I can explore new ways to make use of existing resources.,24,26
1.2.1.L3,Ideas and opportunities,1.2,Creativity,1,Be curious and open,3,3,Experiment,Intermediate,I can experiment with my skills and competences in situations that are new to me.,I can experiment with my skills and competences in situations that are new to me.,24,26
1.2.1.L4,Ideas and opportunities,1.2,Creativity,1,Be curious and open,4,4,Dare,Intermediate,I can actively search for new solutions that meet my needs.,I can actively search for new solutions that meet my needs.,24,26
1.2.1.L5,Ideas and opportunities,1.2,Creativity,1,Be curious and open,5,5,Improve,Advanced,I can actively search for new solutions that improve the value-creating process.,I can actively search for new solutions that improve the value-creating process.,24,26
1.2.1.L6,Ideas and opportunities,1.2,Creativity,1,Be curious and open,6,6,Reinforce,Advanced,"I can combine my understanding of different contexts to transfer knowledge, ideas and solutions across different areas.","I can combine my understanding of different contexts to transfer knowledge, ideas and solutions across different areas.",24,26
1.2.2.L1,Ideas and opportunities,1.2,Creativity,2,Develop ideas,1,1,Discover,Foundation,I can develop ideas that solve problems that are relevant to me and my surroundings.,I can develop ideas that solve problems that are relevant to me and my surroundings.,24,26
1.2.2.L2,Ideas and opportunities,1.2,Creativity,2,Develop ideas,2,2,Explore,Foundation,"Alone and as part of a team, I can develop ideas that create value for others.","Alone and as part of a team, I can develop ideas that create value for others.",24,26
1.2.2.L3,Ideas and opportunities,1.2,Creativity,2,Develop ideas,3,3,Experiment,Intermediate,"I can experiment with different techniques to generate alternative solutions to problems, using available resources in an effective way.","I can experiment with different techniques to generate alternative solutions to problems, using available resources in an effective way.",24,26
1.2.2.L4,Ideas and opportunities,1.2,Creativity,2,Develop ideas,4,4,Dare,Intermediate,I can test the value of my solutions with end users.,I can test the value of my solutions with end users.,24,26
1.2.2.L5,Ideas and opportunities,1.2,Creativity,2,Develop ideas,5,5,Improve,Advanced,I can describe different techniques to test innovative ideas with end users.,I can describe different techniques to test innovative ideas with end users.,24,26
1.2.2.L6,Ideas and opportunities,1.2,Creativity,2,Develop ideas,6,6,Reinforce,Advanced,"I can set up processes to involve stakeholders in finding, developing and testing ideas.","I can set up processes to involve stakeholders in finding, developing and testing ideas.",24,26
1.2.2.L7,Ideas and opportunities,1.2,Creativity,2,Develop ideas,7,7,Expand,Expert,I can tailor a variety of ways of involving stakeholders to suit the needs of my value-creating activity.,I can tailor a variety of ways of involving stakeholders to suit the needs of my value-creating activity.,24,26
1.2.2.L8,Ideas and opportunities,1.2,Creativity,2,Develop ideas,8,8,Transform,Expert,"I can design new processes to involve stakeholders in generating, developing and testing ideas that create value.","I can design new processes to involve stakeholders in generating, developing and testing ideas that create value.",24,26
1.2.3.L1,Ideas and opportunities,1.2,Creativity,3,Define problems,1,1,Discover,Foundation,I can approach open-ended problems (problems that can have many solutions) with curiosity.,I can approach open-ended problems (problems that can have many solutions) with curiosity.,24,26
1.2.3.L2,Ideas and opportunities,1.2,Creativity,3,Define problems,2,2,Explore,Foundation,I can explore open-ended problems in many ways so as to generate multiple solutions.,I can explore open-ended problems in many ways so as to generate multiple solutions.,24,26
1.2.3.L3,Ideas and opportunities,1.2,Creativity,3,Define problems,3,3,Experiment,Intermediate,I can take part in group dynamics aimed at defining open-ended problems.,I can take part in group dynamics aimed at defining open-ended problems.,24,26
1.2.3.L4,Ideas and opportunities,1.2,Creativity,3,Define problems,4,4,Dare,Intermediate,I can reshape open-ended problems to fit my skills.,I can reshape open-ended problems to fit my skills.,24,26
1.2.3.L5,Ideas and opportunities,1.2,Creativity,3,Define problems,5,5,Improve,Advanced,I can describe and explain different approaches to shaping open-ended problems and different problem-solving strategies.,I can describe and explain different approaches to shaping open-ended problems and different problem-solving strategies.,24,26
1.2.3.L6,Ideas and opportunities,1.2,Creativity,3,Define problems,6,6,Reinforce,Advanced,I can help others create value by encouraging experimentation and using creative techniques to approach problems and generate solutions.,I can help others create value by encouraging experimentation and using creative techniques to approach problems and generate solutions.,24,26
1.2.3.L7,Ideas and opportunities,1.2,Creativity,3,Define problems,7,7,Expand,Expert,"I can initiate, develop, manage and complete a creative project.","I can initiate, develop, manage and complete a creative project.",24,26
1.2.3.L8,Ideas and opportunities,1.2,Creativity,3,Define problems,8,8,Transform,Expert,I can use a mix of creative techniques to keep generating value over time.,I can use a mix of creative techniques to keep generating value over time.,24,26
1.2.4.L1,Ideas and opportunities,1.2,Creativity,4,Design value,1,1,Discover,Foundation,I can assemble objects that create value for me and others.,I can assemble objects that create value for me and others.,24,26
1.2.4.L2,Ideas and opportunities,1.2,Creativity,4,Design value,2,2,Explore,Foundation,"I can improve existing products, services and processes so that they better meet my needs or those of my peers and the community.","I can improve existing products, services and processes so that they better meet my needs or those of my peers and the community.",24,26
1.2.4.L3,Ideas and opportunities,1.2,Creativity,4,Design value,3,3,Experiment,Intermediate,I can identify the basic functions that a prototype should have to illustrate the value of my idea.,I can identify the basic functions that a prototype should have to illustrate the value of my idea.,24,26
1.2.4.L4,Ideas and opportunities,1.2,Creativity,4,Design value,4,4,Dare,Intermediate,"I can assemble, test and progressively refine prototypes that simulate the value I want to create.","I can assemble, test and progressively refine prototypes that simulate the value I want to create.",24,26
1.2.4.L5,Ideas and opportunities,1.2,Creativity,4,Design value,5,5,Improve,Advanced,I can create (alone or with others) products or services that solve my problems and my needs.,I can create (alone or with others) products or services that solve my problems and my needs.,24,26
1.2.4.L6,Ideas and opportunities,1.2,Creativity,4,Design value,6,6,Reinforce,Advanced,"I can develop and deliver value in stages, launching with the core features of my (or my team's) idea and progressively adding more.","I can develop and deliver value in stages, launching with the core features of my (or my team's) idea and progressively adding more.",24,26
1.2.4.L7,Ideas and opportunities,1.2,Creativity,4,Design value,7,7,Expand,Expert,"I can apply different design approaches to create value through new products, processes or services.","I can apply different design approaches to create value through new products, processes or services.",24,26
1.2.4.L8,Ideas and opportunities,1.2,Creativity,4,Design value,8,8,Transform,Expert,I can design and put in place innovative processes to create value.,I can design and put in place innovative processes to create value.,24,26
1.2.5.L1,Ideas and opportunities,1.2,Creativity,5,Be innovative,1,1,Discover,Foundation,"I can find examples of innovative products, services and solutions.","I can find examples of innovative products, services and solutions.",25,27
1.2.5.L2,Ideas and opportunities,1.2,Creativity,5,Be innovative,2,2,Explore,Foundation,I can describe how some innovations have transformed society.,I can describe how some innovations have transformed society.,25,27
1.2.5.L3,Ideas and opportunities,1.2,Creativity,5,Be innovative,3,3,Experiment,Intermediate,"I can tell the difference between types of innovations (for example, process versus product innovation and social innovation, incremental versus disruptive innovation).","I can tell the difference between types of innovations (for example, process versus product innovation and social innovation, incremental versus disruptive innovation).",25,27
1.2.5.L4,Ideas and opportunities,1.2,Creativity,5,Be innovative,4,4,Dare,Intermediate,"I can judge if an idea, product or process is innovative or just new to me.","I can judge if an idea, product or process is innovative or just new to me.",25,27
1.2.5.L5,Ideas and opportunities,1.2,Creativity,5,Be innovative,5,5,Improve,Advanced,"I can describe how innovations diffuse in society, culture and the market.","I can describe how innovations diffuse in society, culture and the market.",25,27
1.2.5.L6,Ideas and opportunities,1.2,Creativity,5,Be innovative,6,6,Reinforce,Advanced,"I can describe different levels of innovation (for example, incremental, breakthrough or transformational) and their role in value-creating activities.","I can describe different levels of innovation (for example, incremental, breakthrough or transformational) and their role in value-creating activities.",25,27
1.2.5.L7,Ideas and opportunities,1.2,Creativity,5,Be innovative,7,7,Expand,Expert,"I can identify the steps needed to research the potential for an innovative idea in light of its development into an existing enterprise, a new venture or an opportunity for social change.","I can identify the steps needed to research the potential for an innovative idea in light of its development into an existing enterprise, a new venture or an opportunity for social change.",25,27
1.2.5.L8,Ideas and opportunities,1.2,Creativity,5,Be innovative,8,8,Transform,Expert,I can manage innovation processes that respond to emerging needs and make the most of opportunities as they become available.,I can manage innovation processes that respond to emerging needs and make the most of opportunities as they become available.,25,27
1.3.1.L1,Ideas and opportunities,1.3,Vision,1,Imagine,1,1,Discover,Foundation,I can imagine a desirable future.,I can imagine a desirable future.,25,27
1.3.1.L2,Ideas and opportunities,1.3,Vision,1,Imagine,2,2,Explore,Foundation,I can develop simple future scenarios where value is created for my community and surroundings.,I can develop simple future scenarios where value is created for my community and surroundings.,25,27
1.3.1.L3,Ideas and opportunities,1.3,Vision,1,Imagine,3,3,Experiment,Intermediate,I can develop (alone or with others) an inspiring vision for the future that involves others.,I can develop (alone or with others) an inspiring vision for the future that involves others.,25,27
1.3.1.L4,Ideas and opportunities,1.3,Vision,1,Imagine,4,4,Dare,Intermediate,I can build future scenarios around my value-creating activity.,I can build future scenarios around my value-creating activity.,25,27
1.3.1.L5,Ideas and opportunities,1.3,Vision,1,Imagine,5,5,Improve,Advanced,I can use my understanding of the context to identify different strategic visions for creating value.,I can use my understanding of the context to identify different strategic visions for creating value.,25,27
1.3.1.L6,Ideas and opportunities,1.3,Vision,1,Imagine,6,6,Reinforce,Advanced,I can discuss my (or my team's) strategic vision for creating value.,I can discuss my (or my team's) strategic vision for creating value.,25,27
1.3.1.L7,Ideas and opportunities,1.3,Vision,1,Imagine,7,7,Expand,Expert,I can develop (alone or with others) and compare different future scenarios.,I can develop (alone or with others) and compare different future scenarios.,25,27
1.3.1.L8,Ideas and opportunities,1.3,Vision,1,Imagine,8,8,Transform,Expert,I can show different audiences the benefits of my vision during turbulent times,I can show different audiences the benefits of my vision during turbulent times,25,27
1.3.2.L3,Ideas and opportunities,1.3,Vision,2,Think strategically,3,3,Experiment,Intermediate,I can explain what a vision is and what purpose it serves,I can explain what a vision is and what purpose it serves,25,27
1.3.2.L4,Ideas and opportunities,1.3,Vision,2,Think strategically,4,4,Dare,Intermediate,I am aware of what is needed to build a vision.,I am aware of what is needed to build a vision.,25,27
1.3.2.L5,Ideas and opportunities,1.3,Vision,2,Think strategically,5,5,Improve,Advanced,I can explain the role of a vision statement for strategic planning.,I can explain the role of a vision statement for strategic planning.,25,27
1.3.2.L6,Ideas and opportunities,1.3,Vision,2,Think strategically,6,6,Reinforce,Advanced,I can prepare a vision statement for my (or my team's) value-creating activity that guides internal decision-making throughout the whole process of creating value.,I can prepare a vision statement for my (or my team's) value-creating activity that guides internal decision-making throughout the whole process of creating value.,25,27
1.3.2.L7,Ideas and opportunities,1.3,Vision,2,Think strategically,7,7,Expand,Expert,I can plan backwards from my vision to design the necessary strategy to achieve it.,I can plan backwards from my vision to design the necessary strategy to achieve it.,25,27
1.3.2.L8,Ideas and opportunities,1.3,Vision,2,Think strategically,8,8,Transform,Expert,I can encourage enthusiasm and a sense of belonging around a convincing vision.,I can encourage enthusiasm and a sense of belonging around a convincing vision.,25,27
1.3.3.L3,Ideas and opportunities,1.3,Vision,3,Guide action,3,3,Experiment,Intermediate,My vision for creating value drives me to make the effort to turn ideas into action.,My vision for creating value drives me to make the effort to turn ideas into action.,25,27
1.3.3.L4,Ideas and opportunities,1.3,Vision,3,Guide action,4,4,Dare,Intermediate,I can decide what type of vision for creating value I would like to contribute to.,I can decide what type of vision for creating value I would like to contribute to.,25,27
1.3.3.L5,Ideas and opportunities,1.3,Vision,3,Guide action,5,5,Improve,Advanced,I can identify the changes needed to achieve my vision.,I can identify the changes needed to achieve my vision.,25,27
1.3.3.L6,Ideas and opportunities,1.3,Vision,3,Guide action,6,6,Reinforce,Advanced,I can promote initiatives for change and transformation that contribute to my vision.,I can promote initiatives for change and transformation that contribute to my vision.,25,27
1.3.3.L7,Ideas and opportunities,1.3,Vision,3,Guide action,7,7,Expand,Expert,"I can identify challenges related to my (or my team's) vision, while respecting the different levels of the system and the variety of stakeholders affected.","I can identify challenges related to my (or my team's) vision, while respecting the different levels of the system and the variety of stakeholders affected.",25,27
1.3.3.L8,Ideas and opportunities,1.3,Vision,3,Guide action,8,8,Transform,Expert,I can create (alone or with others) a ‘roadmap’ based on my vision for creating value.,I can create (alone or with others) a ‘roadmap’ based on my vision for creating value.,25,27
1.4.1.L1,Ideas and opportunities,1.4,Valuing ideas,1,Recognise the value of ideas,1,1,Discover,Foundation,I can find examples of ideas that have value for myself and others.,I can find examples of ideas that have value for myself and others.,25,27
1.4.1.L2,Ideas and opportunities,1.4,Valuing ideas,1,Recognise the value of ideas,2,2,Explore,Foundation,"I can show how different groups, such as firms and institutions, create value in my community and surroundings.","I can show how different groups, such as firms and institutions, create value in my community and surroundings.",25,27
1.4.1.L3,Ideas and opportunities,1.4,Valuing ideas,1,Recognise the value of ideas,3,3,Experiment,Intermediate,"I can tell the difference between social, cultural and economic value.","I can tell the difference between social, cultural and economic value.",25,27
1.4.1.L4,Ideas and opportunities,1.4,Valuing ideas,1,Recognise the value of ideas,4,4,Dare,Intermediate,I can decide which type of value I want to act on and then choose the most appropriate pathway to do so.,I can decide which type of value I want to act on and then choose the most appropriate pathway to do so.,25,27
1.4.1.L5,Ideas and opportunities,1.4,Valuing ideas,1,Recognise the value of ideas,5,5,Improve,Advanced,"I recognise the many forms of value that could be created through entrepreneurship, such as social, cultural or economic value.","I recognise the many forms of value that could be created through entrepreneurship, such as social, cultural or economic value.",25,27
1.4.1.L6,Ideas and opportunities,1.4,Valuing ideas,1,Recognise the value of ideas,6,6,Reinforce,Advanced,I can break down a value chain into its different parts and identify how value is added in each part.,I can break down a value chain into its different parts and identify how value is added in each part.,25,27
1.4.1.L7,Ideas and opportunities,1.4,Valuing ideas,1,Recognise the value of ideas,7,7,Expand,Expert,I can develop strategies to effectively make the most of opportunities to create value in my organisation or venture.,I can develop strategies to effectively make the most of opportunities to create value in my organisation or venture.,25,27
1.4.1.L8,Ideas and opportunities,1.4,Valuing ideas,1,Recognise the value of ideas,8,8,Transform,Expert,I can state the value of a new idea from different stakeholders' perspectives.,I can state the value of a new idea from different stakeholders' perspectives.,25,27
1.4.2.L1,Ideas and opportunities,1.4,Valuing ideas,2,Share and protect ideas,1,1,Discover,Foundation,"I can clarify that other people’s ideas can be used and acted on, while respecting their rights.","I can clarify that other people’s ideas can be used and acted on, while respecting their rights.",26,28
1.4.2.L2,Ideas and opportunities,1.4,Valuing ideas,2,Share and protect ideas,2,2,Explore,Foundation,"I can explain that ideas can be shared and circulated for the benefit of everyone or can be protected by certain rights, for example, copyrights or patents.","I can explain that ideas can be shared and circulated for the benefit of everyone or can be protected by certain rights, for example, copyrights or patents.",26,28
1.4.2.L3,Ideas and opportunities,1.4,Valuing ideas,2,Share and protect ideas,3,3,Experiment,Intermediate,I can tell the difference between types of licences that can be used to share ideas and protect rights.,I can tell the difference between types of licences that can be used to share ideas and protect rights.,26,28
1.4.2.L4,Ideas and opportunities,1.4,Valuing ideas,2,Share and protect ideas,4,4,Dare,Intermediate,I can choose the most appropriate licence for the purpose of sharing and protecting the value created by my ideas.,I can choose the most appropriate licence for the purpose of sharing and protecting the value created by my ideas.,26,28
1.4.2.L5,Ideas and opportunities,1.4,Valuing ideas,2,Share and protect ideas,5,5,Improve,Advanced,"I can tell the difference between trademarks, registered design rights, patents, geographical indications, trade secrets, confidentiality agreements and copyright licences, including open, public-domain licences such as creative commons.","I can tell the difference between trademarks, registered design rights, patents, geographical indications, trade secrets, confidentiality agreements and copyright licences, including open, public-domain licences such as creative commons.",26,28
1.4.2.L6,Ideas and opportunities,1.4,Valuing ideas,2,Share and protect ideas,6,6,Reinforce,Advanced,"When creating ideas with others, I can outline a dissemination and exploitation agreement that benefits all partners involved.","When creating ideas with others, I can outline a dissemination and exploitation agreement that benefits all partners involved.",26,28
1.4.2.L7,Ideas and opportunities,1.4,Valuing ideas,2,Share and protect ideas,7,7,Expand,Expert,I can develop a tailored strategy on intellectual property rights that deals with geographic requirements.,I can develop a tailored strategy on intellectual property rights that deals with geographic requirements.,26,28
1.4.2.L8,Ideas and opportunities,1.4,Valuing ideas,2,Share and protect ideas,8,8,Transform,Expert,I can develop a strategy on intellectual property rights that is tailored to the age of my portfolio.,I can develop a strategy on intellectual property rights that is tailored to the age of my portfolio.,26,28
1.5.1.L1,Ideas and opportunities,1.5,Ethical and sustainable thinking,1,Behave ethically,1,1,Discover,Foundation,"I can recognise behaviours that show integrity, honesty, responsibility, courage and commitment.","I can recognise behaviours that show integrity, honesty, responsibility, courage and commitment.",26,28
1.5.1.L2,Ideas and opportunities,1.5,Ethical and sustainable thinking,1,Behave ethically,2,2,Explore,Foundation,I can describe in my own words the importance of integrity and ethical values.,I can describe in my own words the importance of integrity and ethical values.,26,28
1.5.1.L3,Ideas and opportunities,1.5,Ethical and sustainable thinking,1,Behave ethically,3,3,Experiment,Intermediate,I can apply ethical thinking to consumption and production processes.,I can apply ethical thinking to consumption and production processes.,26,28
1.5.1.L4,Ideas and opportunities,1.5,Ethical and sustainable thinking,1,Behave ethically,4,4,Dare,Intermediate,I am driven by honesty and integrity when taking decisions.,I am driven by honesty and integrity when taking decisions.,26,28
1.5.1.L5,Ideas and opportunities,1.5,Ethical and sustainable thinking,1,Behave ethically,5,5,Improve,Advanced,"I can argue that ideas for creating value should be supported by ethics and values relating to gender, equality, fairness, social justice and environmental sustainability.","I can argue that ideas for creating value should be supported by ethics and values relating to gender, equality, fairness, social justice and environmental sustainability.",26,28
1.5.1.L6,Ideas and opportunities,1.5,Ethical and sustainable thinking,1,Behave ethically,6,6,Reinforce,Advanced,"I can take responsibility for promoting ethical behaviour in my area of influence, (for example, by promoting gender balance highlighting inequalities and any lack of integrity).","I can take responsibility for promoting ethical behaviour in my area of influence, (for example, by promoting gender balance highlighting inequalities and any lack of integrity).",26,28
1.5.1.L7,Ideas and opportunities,1.5,Ethical and sustainable thinking,1,Behave ethically,7,7,Expand,Expert,I make it my priority to make sure that ethical behaviour is respected and promoted in my area of influence.,I make it my priority to make sure that ethical behaviour is respected and promoted in my area of influence.,26,28
1.5.1.L8,Ideas and opportunities,1.5,Ethical and sustainable thinking,1,Behave ethically,8,8,Transform,Expert,I take action against unethical behaviour.,I take action against unethical behaviour.,26,28
1.5.2.L1,Ideas and opportunities,1.5,Ethical and sustainable thinking,2,Think sustainably,1,1,Discover,Foundation,I can list examples of environmentally friendly behaviour that benefits a community.,I can list examples of environmentally friendly behaviour that benefits a community.,26,28
1.5.2.L2,Ideas and opportunities,1.5,Ethical and sustainable thinking,2,Think sustainably,2,2,Explore,Foundation,I can recognise examples of environmentally friendly behaviour by companies that creates value for society as a whole.,I can recognise examples of environmentally friendly behaviour by companies that creates value for society as a whole.,26,28
1.5.2.L3,Ideas and opportunities,1.5,Ethical and sustainable thinking,2,Think sustainably,3,3,Experiment,Intermediate,I can identify practices that are not sustainable and their implications for the environment.,I can identify practices that are not sustainable and their implications for the environment.,26,28
1.5.2.L4,Ideas and opportunities,1.5,Ethical and sustainable thinking,2,Think sustainably,4,4,Dare,Intermediate,I can produce a clear problem statement when faced with practices that are not sustainable.,I can produce a clear problem statement when faced with practices that are not sustainable.,26,28
1.5.2.L5,Ideas and opportunities,1.5,Ethical and sustainable thinking,2,Think sustainably,5,5,Improve,Advanced,I can discuss the impact an organisation has on the environment (and vice versa).,I can discuss the impact an organisation has on the environment (and vice versa).,26,28
1.5.2.L6,Ideas and opportunities,1.5,Ethical and sustainable thinking,2,Think sustainably,6,6,Reinforce,Advanced,"I can discuss the relationship between society and technical developments, relating to their implications for the environment.","I can discuss the relationship between society and technical developments, relating to their implications for the environment.",26,28
1.5.2.L7,Ideas and opportunities,1.5,Ethical and sustainable thinking,2,Think sustainably,7,7,Expand,Expert,I can choose adequate methods for analysing environmental impact based on their advantages and disadvantages.,I can choose adequate methods for analysing environmental impact based on their advantages and disadvantages.,26,28
1.5.2.L8,Ideas and opportunities,1.5,Ethical and sustainable thinking,2,Think sustainably,8,8,Transform,Expert,I can contribute to self-regulation discussions within my sector of operations.,I can contribute to self-regulation discussions within my sector of operations.,26,28
1.5.3.L1,Ideas and opportunities,1.5,Ethical and sustainable thinking,3,Assess impact,1,1,Discover,Foundation,"I can find and list examples of changes caused by human action in social, cultural, environmental or economic contexts.","I can find and list examples of changes caused by human action in social, cultural, environmental or economic contexts.",26,28
1.5.3.L2,Ideas and opportunities,1.5,Ethical and sustainable thinking,3,Assess impact,2,2,Explore,Foundation,I can tell the difference between the impact of a value-creating activity on the target community and the broader impact on society.,I can tell the difference between the impact of a value-creating activity on the target community and the broader impact on society.,26,28
1.5.3.L3,Ideas and opportunities,1.5,Ethical and sustainable thinking,3,Assess impact,3,3,Experiment,Intermediate,"I can identify the impact that taking up opportunities will have on me and my team, on the target group and on the surrounding community.","I can identify the impact that taking up opportunities will have on me and my team, on the target group and on the surrounding community.",26,28
1.5.3.L4,Ideas and opportunities,1.5,Ethical and sustainable thinking,3,Assess impact,4,4,Dare,Intermediate,"I can identify stakeholders who are affected by the change brought about by my (or my team's) value-creating activity, including stakeholders who cannot speak up (for example, future generations, climate or nature).","I can identify stakeholders who are affected by the change brought about by my (or my team's) value-creating activity, including stakeholders who cannot speak up (for example, future generations, climate or nature).",26,28
1.5.3.L5,Ideas and opportunities,1.5,Ethical and sustainable thinking,3,Assess impact,5,5,Improve,Advanced,I can analyse the implications of my value-creating activity within the boundaries of the system I am working in.,I can analyse the implications of my value-creating activity within the boundaries of the system I am working in.,26,28
1.5.3.L6,Ideas and opportunities,1.5,Ethical and sustainable thinking,3,Assess impact,6,6,Reinforce,Advanced,"I can define the purpose of the impact assessment, impact monitoring, and evaluation of impact.","I can define the purpose of the impact assessment, impact monitoring, and evaluation of impact.",26,28
1.5.3.L7,Ideas and opportunities,1.5,Ethical and sustainable thinking,3,Assess impact,7,7,Expand,Expert,I can choose ‘measure indicators’ to monitor and assess the impact of my value-creating activity.,I can choose ‘measure indicators’ to monitor and assess the impact of my value-creating activity.,26,28
1.5.3.L8,Ideas and opportunities,1.5,Ethical and sustainable thinking,3,Assess impact,8,8,Transform,Expert,"I can carry out impact assessment, impact monitoring, and impact evaluation on my value-creating activity.","I can carry out impact assessment, impact monitoring, and impact evaluation on my value-creating activity.",26,28
1.5.4.L4,Ideas and opportunities,1.5,Ethical and sustainable thinking,4,Be accountable,4,4,Dare,Intermediate,I can tell the difference between accounting for use of resources and accounting for r the impact of my value-creating activity on stakeholders and the environment.,I can tell the difference between accounting for use of resources and accounting for r the impact of my value-creating activity on stakeholders and the environment.,27,29
1.5.4.L5,Ideas and opportunities,1.5,Ethical and sustainable thinking,4,Be accountable,5,5,Improve,Advanced,"I can tell the difference between input, output, outcomes and impact.","I can tell the difference between input, output, outcomes and impact.",27,29
1.5.4.L6,Ideas and opportunities,1.5,Ethical and sustainable thinking,4,Be accountable,6,6,Reinforce,Advanced,I can discuss a range of accountability methods for both functional and strategic accountability.,I can discuss a range of accountability methods for both functional and strategic accountability.,27,29
1.5.4.L7,Ideas and opportunities,1.5,Ethical and sustainable thinking,4,Be accountable,7,7,Expand,Expert,I can use the accountability methods that hold me responsible to our internal and external stakeholders.,I can use the accountability methods that hold me responsible to our internal and external stakeholders.,27,29
1.5.4.L8,Ideas and opportunities,1.5,Ethical and sustainable thinking,4,Be accountable,8,8,Transform,Expert,I can design ways to be accountable to all of our stakeholders.,I can design ways to be accountable to all of our stakeholders.,27,29
2.1.1.L1,Resources,2.1,Self-awareness and self-efficacy,1,Follow your aspirations,1,1,Discover,Foundation,"I can identify my needs, wants, interests and goals.","I can identify my needs, wants, interests and goals.",27,29
2.1.1.L2,Resources,2.1,Self-awareness and self-efficacy,1,Follow your aspirations,2,2,Explore,Foundation,"I can describe my needs, wants, interests and goals.","I can describe my needs, wants, interests and goals.",27,29
2.1.1.L3,Resources,2.1,Self-awareness and self-efficacy,1,Follow your aspirations,3,3,Experiment,Intermediate,"I can commit to fulfilling my needs, wants, interests and goals.","I can commit to fulfilling my needs, wants, interests and goals.",27,29
2.1.1.L4,Resources,2.1,Self-awareness and self-efficacy,1,Follow your aspirations,4,4,Dare,Intermediate,"I can reflect on my individual and group needs, wants, interests and aspirations in relation to opportunities and future prospects.","I can reflect on my individual and group needs, wants, interests and aspirations in relation to opportunities and future prospects.",27,29
2.1.1.L5,Resources,2.1,Self-awareness and self-efficacy,1,Follow your aspirations,5,5,Improve,Advanced,"I can translate my needs, wants, interests and aspirations into goals that help me reach them.","I can translate my needs, wants, interests and aspirations into goals that help me reach them.",27,29
2.1.1.L6,Resources,2.1,Self-awareness and self-efficacy,1,Follow your aspirations,6,6,Reinforce,Advanced,"I can help others to reflect on their needs, wants, interests and aspirations and how they can turn these into goals.","I can help others to reflect on their needs, wants, interests and aspirations and how they can turn these into goals.",27,29
2.1.2.L1,Resources,2.1,Self-awareness and self-efficacy,2,Identify your strengths and weaknesses,1,2,Discover–Explore,Foundation,I can identify things I am good at and things I am not good at.,I can identify things I am good at and things I am not good at.,27,29
2.1.2.L3,Resources,2.1,Self-awareness and self-efficacy,2,Identify your strengths and weaknesses,3,3,Experiment,Intermediate,I can judge my strengths and weaknesses and those of others in relation to opportunities for creating value.,I can judge my strengths and weaknesses and those of others in relation to opportunities for creating value.,27,29
2.1.2.L4,Resources,2.1,Self-awareness and self-efficacy,2,Identify your strengths and weaknesses,4,4,Dare,Intermediate,I am driven by the desire to use my strengths and abilities to make the most of opportunities to create value.,I am driven by the desire to use my strengths and abilities to make the most of opportunities to create value.,27,29
2.1.2.L5,Resources,2.1,Self-awareness and self-efficacy,2,Identify your strengths and weaknesses,5,5,Improve,Advanced,I can team up with others to compensate for our weaknesses and add to our strengths.,I can team up with others to compensate for our weaknesses and add to our strengths.,27,29
2.1.2.L6,Resources,2.1,Self-awareness and self-efficacy,2,Identify your strengths and weaknesses,6,6,Reinforce,Advanced,I can help others identify their strengths and weaknesses.,I can help others identify their strengths and weaknesses.,27,29
2.1.3.L1,Resources,2.1,Self-awareness and self-efficacy,3,Believe in your ability,1,1,Discover,Foundation,I believe in my ability to do what I am asked successfully.,I believe in my ability to do what I am asked successfully.,27,29
2.1.3.L2,Resources,2.1,Self-awareness and self-efficacy,3,Believe in your ability,2,2,Explore,Foundation,I believe in my ability to achieve what I intend to.,I believe in my ability to achieve what I intend to.,27,29
2.1.3.L3,Resources,2.1,Self-awareness and self-efficacy,3,Believe in your ability,3,3,Experiment,Intermediate,I can judge the control I have over my achievements (compared with any control from outside influences).,I can judge the control I have over my achievements (compared with any control from outside influences).,27,29
2.1.3.L4,Resources,2.1,Self-awareness and self-efficacy,3,Believe in your ability,4,4,Dare,Intermediate,I believe I can influence people and situations for the better,I believe I can influence people and situations for the better,27,29
2.1.3.L5,Resources,2.1,Self-awareness and self-efficacy,3,Believe in your ability,5,5,Improve,Advanced,"I believe in my ability to carry out what I have imagined and planned, despite obstacles, limited resources and resistance from others.","I believe in my ability to carry out what I have imagined and planned, despite obstacles, limited resources and resistance from others.",27,29
2.1.3.L6,Resources,2.1,Self-awareness and self-efficacy,3,Believe in your ability,6,6,Reinforce,Advanced,I believe in my ability to understand and take the good out of experiences that others may label as failures.,I believe in my ability to understand and take the good out of experiences that others may label as failures.,27,29
2.1.4.L1,Resources,2.1,Self-awareness and self-efficacy,4,Shape your future,1,1,Discover,Foundation,I can list different types of jobs and their key functions.,I can list different types of jobs and their key functions.,27,29
2.1.4.L2,Resources,2.1,Self-awareness and self-efficacy,4,Shape your future,2,2,Explore,Foundation,"I can describe which qualities and abilities are needed for different jobs, and which of these qualities and abilities I have.","I can describe which qualities and abilities are needed for different jobs, and which of these qualities and abilities I have.",27,29
2.1.4.L3,Resources,2.1,Self-awareness and self-efficacy,4,Shape your future,3,3,Experiment,Intermediate,"I can describe my skills and competences relating to career options, including self-employment.","I can describe my skills and competences relating to career options, including self-employment.",27,29
2.1.4.L4,Resources,2.1,Self-awareness and self-efficacy,4,Shape your future,4,4,Dare,Intermediate,"I can use my skills and competences to change my career path, as a result of new opportunities or from necessity.","I can use my skills and competences to change my career path, as a result of new opportunities or from necessity.",27,29
2.1.4.L5,Resources,2.1,Self-awareness and self-efficacy,4,Shape your future,5,5,Improve,Advanced,"I can discuss how a realistic understanding and evaluation of my personal attitudes, skills and knowledge can influence my decision-making, relationships with other people and quality of life.","I can discuss how a realistic understanding and evaluation of my personal attitudes, skills and knowledge can influence my decision-making, relationships with other people and quality of life.",27,29
2.1.4.L6,Resources,2.1,Self-awareness and self-efficacy,4,Shape your future,6,6,Reinforce,Advanced,I can choose professional development opportunities with my team and organisation based on a clear understanding our strengths and weaknesses.,I can choose professional development opportunities with my team and organisation based on a clear understanding our strengths and weaknesses.,27,29
2.1.4.L7,Resources,2.1,Self-awareness and self-efficacy,4,Shape your future,7,7,Expand,Expert,"I can design professional development strategies for my team and organisation based on a clear understanding our strengths and weaknesses, in relation to both current and future opportunities to create value.","I can design professional development strategies for my team and organisation based on a clear understanding our strengths and weaknesses, in relation to both current and future opportunities to create value.",27,29
2.1.4.L8,Resources,2.1,Self-awareness and self-efficacy,4,Shape your future,8,8,Transform,Expert,I can design strategies to overcome my (or my team’s or organisation’s) weaknesses and to develop our strengths in anticipating future needs.,I can design strategies to overcome my (or my team’s or organisation’s) weaknesses and to develop our strengths in anticipating future needs.,27,29
2.2.1.L1,Resources,2.2,Motivation and perseverance,1,Stay driven,1,1,Discover,Foundation,I am driven by the possibility to do or contribute to something that is good for me or for others.,I am driven by the possibility to do or contribute to something that is good for me or for others.,28,30
2.2.1.L2,Resources,2.2,Motivation and perseverance,1,Stay driven,2,2,Explore,Foundation,I am motivated by the idea of creating value for myself and others.,I am motivated by the idea of creating value for myself and others.,28,30
2.2.1.L3,Resources,2.2,Motivation and perseverance,1,Stay driven,3,3,Experiment,Intermediate,I can anticipate the feeling of achieving my goals and this motivates me.,I can anticipate the feeling of achieving my goals and this motivates me.,28,30
2.2.1.L4,Resources,2.2,Motivation and perseverance,1,Stay driven,4,4,Dare,Intermediate,I can regulate my own behaviour to stay driven and achieve the benefits of turning ideas into action.,I can regulate my own behaviour to stay driven and achieve the benefits of turning ideas into action.,28,30
2.2.2.L1,Resources,2.2,Motivation and perseverance,2,Be determined,1,1,Discover,Foundation,I see tasks as challenges to do my best.,I see tasks as challenges to do my best.,28,30
2.2.2.L2,Resources,2.2,Motivation and perseverance,2,Be determined,2,2,Explore,Foundation,I am motivated by challenges.,I am motivated by challenges.,28,30
2.2.2.L3,Resources,2.2,Motivation and perseverance,2,Be determined,3,3,Experiment,Intermediate,I can set challenges to motivate myself.,I can set challenges to motivate myself.,28,30
2.2.2.L4,Resources,2.2,Motivation and perseverance,2,Be determined,4,4,Dare,Intermediate,I am willing to put effort in and use resources to overcome challenges and achieve my (or my team's) goals.,I am willing to put effort in and use resources to overcome challenges and achieve my (or my team's) goals.,28,30
2.2.2.L5,Resources,2.2,Motivation and perseverance,2,Be determined,5,5,Improve,Advanced,I drive my effort by using my desire for achievement and belief in my ability to achieve.,I drive my effort by using my desire for achievement and belief in my ability to achieve.,28,30
2.2.2.L6,Resources,2.2,Motivation and perseverance,2,Be determined,6,6,Reinforce,Advanced,"I can coach others to stay motivated, encouraging them to commit to what they want to achieve.","I can coach others to stay motivated, encouraging them to commit to what they want to achieve.",28,30
2.2.2.L7,Resources,2.2,Motivation and perseverance,2,Be determined,7,7,Expand,Expert,"I can create the right climate to motivate my team (for example, by celebrating successes, by learning from failures and by encouraging innovative ways to tackle problems).","I can create the right climate to motivate my team (for example, by celebrating successes, by learning from failures and by encouraging innovative ways to tackle problems).",28,30
2.2.2.L8,Resources,2.2,Motivation and perseverance,2,Be determined,8,8,Transform,Expert,"I consider all outcomes as temporary solutions appropriate to their time and context, and so am motivated to make sure they develop in a continuous cycle of improvement and innovation.","I consider all outcomes as temporary solutions appropriate to their time and context, and so am motivated to make sure they develop in a continuous cycle of improvement and innovation.",28,30
2.2.3.L2,Resources,2.2,Motivation and perseverance,3,Focus on what keeps you motivated,2,2,Explore,Foundation,I can recognise different ways of motivating myself and others to create value.,I can recognise different ways of motivating myself and others to create value.,28,30
2.2.3.L3,Resources,2.2,Motivation and perseverance,3,Focus on what keeps you motivated,3,3,Experiment,Intermediate,I can reflect on the social incentives associated with having a sense of initiative and creating value for myself and others.,I can reflect on the social incentives associated with having a sense of initiative and creating value for myself and others.,28,30
2.2.3.L4,Resources,2.2,Motivation and perseverance,3,Focus on what keeps you motivated,4,4,Dare,Intermediate,I can tell the difference between personal and external factors that motivate me or others when creating value.,I can tell the difference between personal and external factors that motivate me or others when creating value.,28,30
2.2.3.L5,Resources,2.2,Motivation and perseverance,3,Focus on what keeps you motivated,5,5,Improve,Advanced,"I can use strategies to stay motivated (for example, set goals, monitor performance and evaluate my progress).","I can use strategies to stay motivated (for example, set goals, monitor performance and evaluate my progress).",28,30
2.2.3.L6,Resources,2.2,Motivation and perseverance,3,Focus on what keeps you motivated,6,6,Reinforce,Advanced,I can use strategies to keep my team motivated and focused on creating value.,I can use strategies to keep my team motivated and focused on creating value.,28,30
2.2.3.L7,Resources,2.2,Motivation and perseverance,3,Focus on what keeps you motivated,7,7,Expand,Expert,I can design effective ways to attract talented people and keep them motivated.,I can design effective ways to attract talented people and keep them motivated.,28,30
2.2.3.L8,Resources,2.2,Motivation and perseverance,3,Focus on what keeps you motivated,8,8,Transform,Expert,"I can reward initiative, effort, and achievement appropriately within my team and organisation.","I can reward initiative, effort, and achievement appropriately within my team and organisation.",28,30
2.2.4.L1,Resources,2.2,Motivation and perseverance,4,Be resilient,1,1,Discover,Foundation,I show passion and willingness to achieve my goals.,I show passion and willingness to achieve my goals.,28,30
2.2.4.L2,Resources,2.2,Motivation and perseverance,4,Be resilient,2,2,Explore,Foundation,I am determined and persevere when trying to achieve my (or my team's) goals.,I am determined and persevere when trying to achieve my (or my team's) goals.,28,30
2.2.4.L3,Resources,2.2,Motivation and perseverance,4,Be resilient,3,3,Experiment,Intermediate,I can overcome simple adverse circumstances.,I can overcome simple adverse circumstances.,28,30
2.2.4.L4,Resources,2.2,Motivation and perseverance,4,Be resilient,4,4,Dare,Intermediate,I can judge when it is not worth continuing with an idea.,I can judge when it is not worth continuing with an idea.,28,30
2.2.4.L5,Resources,2.2,Motivation and perseverance,4,Be resilient,5,5,Improve,Advanced,I can persevere in the face of adversities when trying to achieve my goals.,I can persevere in the face of adversities when trying to achieve my goals.,28,30
2.2.4.L6,Resources,2.2,Motivation and perseverance,4,Be resilient,6,6,Reinforce,Advanced,I can devise strategies to overcome standard adverse circumstances.,I can devise strategies to overcome standard adverse circumstances.,28,30
2.2.4.L7,Resources,2.2,Motivation and perseverance,4,Be resilient,7,7,Expand,Expert,"I can cope with unexpected change, setbacks and failures (for example, job loss).","I can cope with unexpected change, setbacks and failures (for example, job loss).",28,30
2.2.4.L8,Resources,2.2,Motivation and perseverance,4,Be resilient,8,8,Transform,Expert,I can make sure that my team or organisation stay positive when making difficult decisions and dealing with failure.,I can make sure that my team or organisation stay positive when making difficult decisions and dealing with failure.,28,30
2.2.5.L1,Resources,2.2,Motivation and perseverance,5,Don’t give up,1,1,Discover,Foundation,I do not give up and I can keep going even when facing difficulties.,I do not give up and I can keep going even when facing difficulties.,28,30
2.2.5.L2,Resources,2.2,Motivation and perseverance,5,Don’t give up,2,2,Explore,Foundation,I am not afraid of working hard to achieve my goals.,I am not afraid of working hard to achieve my goals.,28,30
2.2.5.L3,Resources,2.2,Motivation and perseverance,5,Don’t give up,3,3,Experiment,Intermediate,"I can delay achieving my goals in order to gain greater value, thanks to prolonged effort.","I can delay achieving my goals in order to gain greater value, thanks to prolonged effort.",28,30
2.2.5.L4,Resources,2.2,Motivation and perseverance,5,Don’t give up,4,4,Dare,Intermediate,"I can maintain effort and interest, despite setbacks.","I can maintain effort and interest, despite setbacks.",28,30
2.2.5.L5,Resources,2.2,Motivation and perseverance,5,Don’t give up,5,5,Improve,Advanced,"I can celebrate short-term achievements, in order to stay motivated.","I can celebrate short-term achievements, in order to stay motivated.",28,30
2.2.5.L6,Resources,2.2,Motivation and perseverance,5,Don’t give up,6,6,Reinforce,Advanced,I can inspire others to work hard on their goals by showing passion and a strong sense of ownership.,I can inspire others to work hard on their goals by showing passion and a strong sense of ownership.,28,30
2.2.5.L7,Resources,2.2,Motivation and perseverance,5,Don’t give up,7,7,Expand,Expert,"I can stay focused on my vision and goals, despite challenges.","I can stay focused on my vision and goals, despite challenges.",28,30
2.3.1.L1,Resources,2.3,Mobilising resources,1,Manage resources (material and non-material),1,1,Discover,Foundation,I recognise that resources are not unlimited.,I recognise that resources are not unlimited.,28,30
2.3.1.L2,Resources,2.3,Mobilising resources,1,Manage resources (material and non-material),2,2,Explore,Foundation,I can appreciate the importance of sharing resources with others.,I can appreciate the importance of sharing resources with others.,28,30
2.3.1.L3,Resources,2.3,Mobilising resources,1,Manage resources (material and non-material),3,3,Experiment,Intermediate,I can experiment with different combinations of resources to turn my ideas into action.,I can experiment with different combinations of resources to turn my ideas into action.,28,30
2.3.1.L4,Resources,2.3,Mobilising resources,1,Manage resources (material and non-material),4,4,Dare,Intermediate,I can get and manage the necessary resources to turn my idea into action.,I can get and manage the necessary resources to turn my idea into action.,28,30
2.3.1.L5,Resources,2.3,Mobilising resources,1,Manage resources (material and non-material),5,5,Improve,Advanced,I can develop a plan for dealing with limited resources when setting up my value-creating activity.,I can develop a plan for dealing with limited resources when setting up my value-creating activity.,28,30
2.3.1.L6,Resources,2.3,Mobilising resources,1,Manage resources (material and non-material),6,6,Reinforce,Advanced,I can get together the necessary resources to develop my value-creating activity.,I can get together the necessary resources to develop my value-creating activity.,28,30
2.3.1.L7,Resources,2.3,Mobilising resources,1,Manage resources (material and non-material),7,7,Expand,Expert,"I can allocate enough resources to each step of my (or my team's) action plan and for the value-creating activity (for example, time, finances, and my team’s skills, knowledge and experience).","I can allocate enough resources to each step of my (or my team's) action plan and for the value-creating activity (for example, time, finances, and my team’s skills, knowledge and experience).",28,30
2.3.1.L8,Resources,2.3,Mobilising resources,1,Manage resources (material and non-material),8,8,Transform,Expert,"I can judge the key resources needed to support an innovative idea or opportunity to develop an existing business, launch a new venture, or initiate a social enterprise.","I can judge the key resources needed to support an innovative idea or opportunity to develop an existing business, launch a new venture, or initiate a social enterprise.",28,30
2.3.2.L1,Resources,2.3,Mobilising resources,2,Use resources responsibly,1,1,Discover,Foundation,I value my possessions and use them responsibly.,I value my possessions and use them responsibly.,29,31
2.3.2.L2,Resources,2.3,Mobilising resources,2,Use resources responsibly,2,2,Explore,Foundation,"I can describe how resources last longer through reuse, repair and recycling.","I can describe how resources last longer through reuse, repair and recycling.",29,31
2.3.2.L3,Resources,2.3,Mobilising resources,2,Use resources responsibly,3,3,Experiment,Intermediate,I can discuss the principles of circular economy and resource efficiency.,I can discuss the principles of circular economy and resource efficiency.,29,31
2.3.2.L4,Resources,2.3,Mobilising resources,2,Use resources responsibly,4,4,Dare,Intermediate,"I use resources responsibly and efficiently (for example, energy, materials in the supply chain or manufacturing process, public spaces).","I use resources responsibly and efficiently (for example, energy, materials in the supply chain or manufacturing process, public spaces).",29,31
2.3.2.L5,Resources,2.3,Mobilising resources,2,Use resources responsibly,5,5,Improve,Advanced,I take into account the non-material cost of using resources when taking decisions about my value-creating activities.,I take into account the non-material cost of using resources when taking decisions about my value-creating activities.,29,31
2.3.2.L6,Resources,2.3,Mobilising resources,2,Use resources responsibly,6,6,Reinforce,Advanced,"I can choose and put in place effective resource-management procedures (for example, life-cycle analysis, solid waste).","I can choose and put in place effective resource-management procedures (for example, life-cycle analysis, solid waste).",29,31
2.3.2.L7,Resources,2.3,Mobilising resources,2,Use resources responsibly,7,7,Expand,Expert,I can identify the opportunities that use resources efficiently and the circular economy brings to my organisation.,I can identify the opportunities that use resources efficiently and the circular economy brings to my organisation.,29,31
2.3.2.L8,Resources,2.3,Mobilising resources,2,Use resources responsibly,8,8,Transform,Expert,"I can design and put in place innovative ways to lower the overall impact of my value-creating activity on the environment, the community and society, and measure the improvement.","I can design and put in place innovative ways to lower the overall impact of my value-creating activity on the environment, the community and society, and measure the improvement.",29,31
2.3.3.L1,Resources,2.3,Mobilising resources,3,Make the most of your time,1,1,Discover,Foundation,"I can recognise different uses for my time (for example, studying, playing, resting).","I can recognise different uses for my time (for example, studying, playing, resting).",29,31
2.3.3.L2,Resources,2.3,Mobilising resources,3,Make the most of your time,2,2,Explore,Foundation,I value my time as a scarce resource.,I value my time as a scarce resource.,29,31
2.3.3.L3,Resources,2.3,Mobilising resources,3,Make the most of your time,3,3,Experiment,Intermediate,I can discuss the need for investing time in different value-creating activities.,I can discuss the need for investing time in different value-creating activities.,29,31
2.3.3.L4,Resources,2.3,Mobilising resources,3,Make the most of your time,4,4,Dare,Intermediate,I can use my time effectively to achieve my goals.,I can use my time effectively to achieve my goals.,29,31
2.3.3.L5,Resources,2.3,Mobilising resources,3,Make the most of your time,5,5,Improve,Advanced,"I can manage my time effectively, using techniques and tools that help make me (or my team) productive.","I can manage my time effectively, using techniques and tools that help make me (or my team) productive.",29,31
2.3.3.L6,Resources,2.3,Mobilising resources,3,Make the most of your time,6,6,Reinforce,Advanced,I can help others manage their time effectively.,I can help others manage their time effectively.,29,31
2.3.3.L7,Resources,2.3,Mobilising resources,3,Make the most of your time,7,7,Expand,Expert,I can put in place effective time- management procedures.,I can put in place effective time-management procedures.,29,31
2.3.3.L8,Resources,2.3,Mobilising resources,3,Make the most of your time,8,8,Transform,Expert,I can develop effective time-management procedures that meet the specific needs of my value-creating activity.,I can develop effective time-management procedures that meet the specific needs of my value-creating activity.,29,31
2.3.4.L1,Resources,2.3,Mobilising resources,4,Get support,1,1,Discover,Foundation,I can look for help when I am having difficulty achieving what I have decided to do.,I can look for help when I am having difficulty achieving what I have decided to do.,29,31
2.3.4.L2,Resources,2.3,Mobilising resources,4,Get support,2,2,Explore,Foundation,"I can identify sources of help for my value-creating activity (for example, teachers, peers, mentors).","I can identify sources of help for my value-creating activity (for example, teachers, peers, mentors).",29,31
2.3.4.L3,Resources,2.3,Mobilising resources,4,Get support,3,3,Experiment,Intermediate,I can describe the concepts of division of labour and job specialisation.,I can describe the concepts of division of labour and job specialisation.,29,31
2.3.4.L4,Resources,2.3,Mobilising resources,4,Get support,4,4,Dare,Intermediate,"I can find and list public and private services to support my value-creating activity (for example, incubator, social enterprise advisors, start-up angels, chamber of commerce).","I can find and list public and private services to support my value-creating activity (for example, incubator, social enterprise advisors, start-up angels, chamber of commerce).",29,31
2.3.4.L5,Resources,2.3,Mobilising resources,4,Get support,5,5,Improve,Advanced,"I can find digital solutions (for example, free, paid for, or open-source) that can help me manage my value- creating activities efficiently.","I can find digital solutions (for example, free, paid for, or open-source) that can help me manage my value-creating activities efficiently.",29,31
2.3.4.L6,Resources,2.3,Mobilising resources,4,Get support,6,6,Reinforce,Advanced,"I can find support to help me take advantage of an opportunity to create value (for example, advisor or consultancy services, peer or mentor support).","I can find support to help me take advantage of an opportunity to create value (for example, advisor or consultancy services, peer or mentor support).",29,31
2.3.4.L7,Resources,2.3,Mobilising resources,4,Get support,7,7,Expand,Expert,"I can effectively delegate tasks within and outside my organisation to make the most value (for example, outsourcing, partnering, acquisitions, crowdsourcing).","I can effectively delegate tasks within and outside my organisation to make the most value (for example, outsourcing, partnering, acquisitions, crowdsourcing).",29,31
2.3.4.L8,Resources,2.3,Mobilising resources,4,Get support,8,8,Transform,Expert,I can develop a network of flexible and responsive providers from outside the organisation who support my value-creating activity.,I can develop a network of flexible and responsive providers from outside the organisation who support my value-creating activity.,29,31
2.4.1.L1,Resources,2.4,Financial and economic literacy,1,Understand economic and financial concepts,1,1,Discover,Foundation,I can recall basic terminology and symbols related to money.,I can recall basic terminology and symbols related to money.,29,31
2.4.1.L2,Resources,2.4,Financial and economic literacy,1,Understand economic and financial concepts,2,2,Explore,Foundation,"I can explain simple economic concepts (for example, supply and demand, market price, trade).","I can explain simple economic concepts (for example, supply and demand, market price, trade).",29,31
2.4.1.L3,Resources,2.4,Financial and economic literacy,1,Understand economic and financial concepts,3,3,Experiment,Intermediate,"I can use the concept of opportunity costs and comparative advantage to explain why exchanges happen between individuals, regions and nations.","I can use the concept of opportunity costs and comparative advantage to explain why exchanges happen between individuals, regions and nations.",29,31
2.4.1.L4,Resources,2.4,Financial and economic literacy,1,Understand economic and financial concepts,4,4,Dare,Intermediate,I can read income statements and balance sheets.,I can read income statements and balance sheets.,29,31
2.4.1.L5,Resources,2.4,Financial and economic literacy,1,Understand economic and financial concepts,5,5,Improve,Advanced,I can explain the difference between a balance sheet and a profit-and-loss account.,I can explain the difference between a balance sheet and a profit-and-loss account.,29,31
2.4.1.L6,Resources,2.4,Financial and economic literacy,1,Understand economic and financial concepts,6,6,Reinforce,Advanced,"I can build financial indicators (for example, return on investment).","I can build financial indicators (for example, return on investment).",29,31
2.4.1.L7,Resources,2.4,Financial and economic literacy,1,Understand economic and financial concepts,7,7,Expand,Expert,I can use financial indicators to assess the financial health of a value-creating activity.,I can use financial indicators to assess the financial health of a value-creating activity.,29,31
2.4.1.L8,Resources,2.4,Financial and economic literacy,1,Understand economic and financial concepts,8,8,Transform,Expert,I can use financial indicators to compare the financial health of my value-creating activity with that of competitors,I can use financial indicators to compare the financial health of my value-creating activity with that of competitors,29,31
2.4.2.L1,Resources,2.4,Financial and economic literacy,2,Budget,1,1,Discover,Foundation,I can judge what to use my money for.,I can judge what to use my money for.,30,32
2.4.2.L2,Resources,2.4,Financial and economic literacy,2,Budget,2,2,Explore,Foundation,I can draw up a simple household budget in a responsible manner.,I can draw up a simple household budget in a responsible manner.,30,32
2.4.2.L3,Resources,2.4,Financial and economic literacy,2,Budget,3,3,Experiment,Intermediate,I can draw up a budget for a value- creating activity.,I can draw up a budget for a value-creating activity.,30,32
2.4.2.L4,Resources,2.4,Financial and economic literacy,2,Budget,4,4,Dare,Intermediate,I can judge the cash-flow needs of a value-creating activity.,I can judge the cash-flow needs of a value-creating activity.,30,32
2.4.2.L5,Resources,2.4,Financial and economic literacy,2,Budget,5,5,Improve,Advanced,"I can apply the financial planning and forecasting concepts that I need to turn ideas into action (for example, profit or not for profit).","I can apply the financial planning and forecasting concepts that I need to turn ideas into action (for example, profit or not for profit).",30,32
2.4.2.L6,Resources,2.4,Financial and economic literacy,2,Budget,6,6,Reinforce,Advanced,I can judge the cash-flow needs of a complex project.,I can judge the cash-flow needs of a complex project.,30,32
2.4.2.L7,Resources,2.4,Financial and economic literacy,2,Budget,7,7,Expand,Expert,I can judge the cash-flow needs of an organisation that handles many value-creating activities that depend on each other.,I can judge the cash-flow needs of an organisation that handles many value-creating activities that depend on each other.,30,32
2.4.2.L8,Resources,2.4,Financial and economic literacy,2,Budget,8,8,Transform,Expert,I can create a plan for the financial and economic long-term sustainability of my (or my team's) value-creating activity.,I can create a plan for the financial and economic long-term sustainability of my (or my team's) value-creating activity.,30,32
2.4.3.L1,Resources,2.4,Financial and economic literacy,3,Find funding,1,1,Discover,Foundation,"I can identify the main types of income for families, businesses, non-profit organisations and the state.","I can identify the main types of income for families, businesses, non-profit organisations and the state.",30,32
2.4.3.L2,Resources,2.4,Financial and economic literacy,3,Find funding,2,2,Explore,Foundation,I can describe the main role of banks in the economy and society.,I can describe the main role of banks in the economy and society.,30,32
2.4.3.L3,Resources,2.4,Financial and economic literacy,3,Find funding,3,3,Experiment,Intermediate,"I can explain that value-creating activities can take different forms (a business, a social enterprise, a non-profit organisation and so on) and can have different structures of ownership (individual company, limited company, co-operative and so on).","I can explain that value-creating activities can take different forms (a business, a social enterprise, a non-profit organisation and so on) and can have different structures of ownership (individual company, limited company, co-operative and so on).",30,32
2.4.3.L4,Resources,2.4,Financial and economic literacy,3,Find funding,4,4,Dare,Intermediate,"I can identify public and private sources of funding for my value-creating activity (for example, prizes, crowd-funding, and shares).","I can identify public and private sources of funding for my value-creating activity (for example, prizes, crowd-funding, and shares).",30,32
2.4.3.L5,Resources,2.4,Financial and economic literacy,3,Find funding,5,5,Improve,Advanced,I can choose the most appropriate sources of funding to start up or expand a value- creating activity.,I can choose the most appropriate sources of funding to start up or expand a value-creating activity.,30,32
2.4.3.L6,Resources,2.4,Financial and economic literacy,3,Find funding,6,6,Reinforce,Advanced,"I can apply for public or private business support programmes, financing schemes, public subsidies or calls for tender.","I can apply for public or private business support programmes, financing schemes, public subsidies or calls for tender.",30,32
2.4.3.L7,Resources,2.4,Financial and economic literacy,3,Find funding,7,7,Expand,Expert,"I can raise funds and secure revenue from different sources, and manage the diversity of those sources.","I can raise funds and secure revenue from different sources, and manage the diversity of those sources.",30,32
2.4.3.L8,Resources,2.4,Financial and economic literacy,3,Find funding,8,8,Transform,Expert,I can judge an opportunity as a possible investor.,I can judge an opportunity as a possible investor.,30,32
2.4.4.L1,Resources,2.4,Financial and economic literacy,4,Understand taxation,1,1,Discover,Foundation,I can outline the purpose of taxation.,I can outline the purpose of taxation.,30,32
2.4.4.L2,Resources,2.4,Financial and economic literacy,4,Understand taxation,2,2,Explore,Foundation,I can explain how taxation finances the activities of a country and its part in providing public goods and services.,I can explain how taxation finances the activities of a country and its part in providing public goods and services.,30,32
2.4.4.L3,Resources,2.4,Financial and economic literacy,4,Understand taxation,3,4,Experiment–Dare,Intermediate,I can estimate the main accountancy and tax obligations I need to fulfil to meet the tax requirements for my activities.,I can estimate the main accountancy and tax obligations I need to fulfil to meet the tax requirements for my activities.,30,32
2.4.4.L5,Resources,2.4,Financial and economic literacy,4,Understand taxation,5,5,Improve,Advanced,"I can estimate how my financial decisions (investments, buying assets, goods and so on) affect my tax.","I can estimate how my financial decisions (investments, buying assets, goods and so on) affect my tax.",30,32
2.4.4.L6,Resources,2.4,Financial and economic literacy,4,Understand taxation,6,6,Reinforce,Advanced,I can make financial decisions based on current taxation schemes.,I can make financial decisions based on current taxation schemes.,30,32
2.4.4.L7,Resources,2.4,Financial and economic literacy,4,Understand taxation,7,7,Expand,Expert,I can make financial decisions based on taxation schemes of different countries and territories.,I can make financial decisions based on taxation schemes of different countries and territories.,30,32
2.5.1.L1,Resources,2.5,Mobilising others,1,Inspire and get inspired,1,1,Discover,Foundation,I show enthusiasm for challenges.,I show enthusiasm for challenges.,30,32
2.5.1.L2,Resources,2.5,Mobilising others,1,Inspire and get inspired,2,2,Explore,Foundation,I am actively involved in creating value for others.,I am actively involved in creating value for others.,30,32
2.5.1.L3,Resources,2.5,Mobilising others,1,Inspire and get inspired,3,3,Experiment,Intermediate,I do not get discouraged by difficulties.,I do not get discouraged by difficulties.,30,32
2.5.1.L4,Resources,2.5,Mobilising others,1,Inspire and get inspired,4,4,Dare,Intermediate,I can lead by example.,I can lead by example.,30,32
2.5.1.L5,Resources,2.5,Mobilising others,1,Inspire and get inspired,5,5,Improve,Advanced,I can get endorsement from others to support my value-creating activity.,I can get endorsement from others to support my value-creating activity.,30,32
2.5.1.L6,Resources,2.5,Mobilising others,1,Inspire and get inspired,6,6,Reinforce,Advanced,"I can inspire others, despite challenging circumstances.","I can inspire others, despite challenging circumstances.",30,32
2.5.1.L7,Resources,2.5,Mobilising others,1,Inspire and get inspired,7,7,Expand,Expert,"I can maintain momentum with my team, partners and stakeholders when involved in a challenging situation.","I can maintain momentum with my team, partners and stakeholders when involved in a challenging situation.",30,32
2.5.1.L8,Resources,2.5,Mobilising others,1,Inspire and get inspired,8,8,Transform,Expert,I can form coalitions to turn ideas into action.,I can form coalitions to turn ideas into action.,30,32
2.5.2.L2,Resources,2.5,Mobilising others,2,Persuade,2,2,Explore,Foundation,I can persuade others by providing a number of arguments.,I can persuade others by providing a number of arguments.,30,32
2.5.2.L3,Resources,2.5,Mobilising others,2,Persuade,3,3,Experiment,Intermediate,I can persuade others by providing evidence for my arguments.,I can persuade others by providing evidence for my arguments.,30,32
2.5.2.L4,Resources,2.5,Mobilising others,2,Persuade,4,4,Dare,Intermediate,I can persuade others by appealing to their emotions,I can persuade others by appealing to their emotions,30,32
2.5.2.L5,Resources,2.5,Mobilising others,2,Persuade,5,5,Improve,Advanced,I can pitch effectively in front of potential investors or donors.,I can pitch effectively in front of potential investors or donors.,30,32
2.5.2.L6,Resources,2.5,Mobilising others,2,Persuade,6,6,Reinforce,Advanced,"I can overcome resistance from those who will be affected by my (or my (team's) vision, innovative approach, and value-creating activity.","I can overcome resistance from those who will be affected by my (or my (team's) vision, innovative approach, and value-creating activity.",30,32
2.5.2.L7,Resources,2.5,Mobilising others,2,Persuade,7,7,Expand,Expert,"I can create a call to action that gets internal stakeholders on board, such as co-workers, partners, employees or senior managers.","I can create a call to action that gets internal stakeholders on board, such as co-workers, partners, employees or senior managers.",30,32
2.5.2.L8,Resources,2.5,Mobilising others,2,Persuade,8,8,Transform,Expert,I can negotiate support for ideas for creating value.,I can negotiate support for ideas for creating value.,30,32
2.5.3.L1,Resources,2.5,Mobilising others,3,Communicate effectively,1,1,Discover,Foundation,I can communicate my ideas clearly to others.,I can communicate my ideas clearly to others.,31,33
2.5.3.L2,Resources,2.5,Mobilising others,3,Communicate effectively,2,2,Explore,Foundation,"I can communicate my team's ideas to others persuasively by using different methods (for example posters, videos, role-play).","I can communicate my team's ideas to others persuasively by using different methods (for example posters, videos, role-play).",31,33
2.5.3.L3,Resources,2.5,Mobilising others,3,Communicate effectively,3,3,Experiment,Intermediate,I can communicate imaginative design solutions.,I can communicate imaginative design solutions.,31,33
2.5.3.L4,Resources,2.5,Mobilising others,3,Communicate effectively,4,4,Dare,Intermediate,I can communicate the value of my (or my team's) idea to stakeholders from different backgrounds effectively.,I can communicate the value of my (or my team's) idea to stakeholders from different backgrounds effectively.,31,33
2.5.3.L5,Resources,2.5,Mobilising others,3,Communicate effectively,5,5,Improve,Advanced,"I can communicate the vision for my (or my team's) venture in a way that inspires and persuades external groups, such as funders, partner organisations, volunteers, new members and affiliate supporters.","I can communicate the vision for my (or my team's) venture in a way that inspires and persuades external groups, such as funders, partner organisations, volunteers, new members and affiliate supporters.",31,33
2.5.3.L6,Resources,2.5,Mobilising others,3,Communicate effectively,6,6,Reinforce,Advanced,"I can produce narratives and scenarios that motivate, inspire and direct people.","I can produce narratives and scenarios that motivate, inspire and direct people.",31,33
2.5.3.L7,Resources,2.5,Mobilising others,3,Communicate effectively,7,7,Expand,Expert,I can take part in constructive discussions with the community that my idea is targeted at.,I can take part in constructive discussions with the community that my idea is targeted at.,31,33
2.5.3.L8,Resources,2.5,Mobilising others,3,Communicate effectively,8,8,Transform,Expert,I can get all relevant stakeholders to take responsibility to act on an opportunity for value creation.,I can get all relevant stakeholders to take responsibility to act on an opportunity for value creation.,31,33
2.5.4.L1,Resources,2.5,Mobilising others,4,Use media effectively,1,1,Discover,Foundation,I can provide examples of inspiring communication campaigns.,I can provide examples of inspiring communication campaigns.,31,33
2.5.4.L2,Resources,2.5,Mobilising others,4,Use media effectively,2,2,Explore,Foundation,I can discuss how different media can be used to reach audiences in different ways.,I can discuss how different media can be used to reach audiences in different ways.,31,33
2.5.4.L3,Resources,2.5,Mobilising others,4,Use media effectively,3,3,Experiment,Intermediate,"I can use various methods, including social media, to communicate value-creating ideas effectively.","I can use various methods, including social media, to communicate value-creating ideas effectively.",31,33
2.5.4.L4,Resources,2.5,Mobilising others,4,Use media effectively,4,4,Dare,Intermediate,"I can use media appropriately, showing that I am aware of my audience and purpose.","I can use media appropriately, showing that I am aware of my audience and purpose.",31,33
2.5.4.L5,Resources,2.5,Mobilising others,4,Use media effectively,5,5,Improve,Advanced,"I can influence opinions in relation to my value- creating activity, through a planned approach to social media.","I can influence opinions in relation to my value-creating activity, through a planned approach to social media.",31,33
2.5.4.L6,Resources,2.5,Mobilising others,4,Use media effectively,6,6,Reinforce,Advanced,I can design effective social-media campaigns to mobilize people in relation to my (or my team’s) value-creating activity.,I can design effective social-media campaigns to mobilize people in relation to my (or my team’s) value-creating activity.,31,33
2.5.4.L7,Resources,2.5,Mobilising others,4,Use media effectively,7,7,Expand,Expert,I can define a communication strategy to mobilize people in relation to my (or my team’s) value- creating activity.,I can define a communication strategy to mobilize people in relation to my (or my team’s) value-creating activity.,31,33
2.5.4.L8,Resources,2.5,Mobilising others,4,Use media effectively,8,8,Transform,Expert,I can sustain and increase the support for my vision.,I can sustain and increase the support for my vision.,31,33
3.1.1.L1,Into action,3.1,Taking the initiative,1,Take responsibility,1,1,Discover,Foundation,I can carry out the tasks I am given responsibly.,I can carry out the tasks I am given responsibly.,31,33
3.1.1.L2,Into action,3.1,Taking the initiative,1,Take responsibility,2,2,Explore,Foundation,I am comfortable in taking responsibility in shared activities.,I am comfortable in taking responsibility in shared activities.,31,33
3.1.1.L3,Into action,3.1,Taking the initiative,1,Take responsibility,3,3,Experiment,Intermediate,I can take individual and group responsibility to carry out simple tasks in value-creating activities.,I can take individual and group responsibility to carry out simple tasks in value-creating activities.,31,33
3.1.1.L4,Into action,3.1,Taking the initiative,1,Take responsibility,4,4,Dare,Intermediate,I can take individual and group responsibility in value-creating activities.,I can take individual and group responsibility in value-creating activities.,31,33
3.1.1.L5,Into action,3.1,Taking the initiative,1,Take responsibility,5,5,Improve,Advanced,I can delegate responsibility appropriately.,I can delegate responsibility appropriately.,31,33
3.1.1.L6,Into action,3.1,Taking the initiative,1,Take responsibility,6,6,Reinforce,Advanced,I can encourage others to take responsibility in value-creating activities.,I can encourage others to take responsibility in value-creating activities.,31,33
3.1.1.L7,Into action,3.1,Taking the initiative,1,Take responsibility,7,7,Expand,Expert,I take responsibility in complex value-creating activities.,I take responsibility in complex value-creating activities.,31,33
3.1.1.L8,Into action,3.1,Taking the initiative,1,Take responsibility,8,8,Transform,Expert,I can take responsibility in seizing new opportunities and when facing unprecedented challenges in value-creating activities.,I can take responsibility in seizing new opportunities and when facing unprecedented challenges in value-creating activities.,31,33
3.1.2.L1,Into action,3.1,Taking the initiative,2,Work independently,1,1,Discover,Foundation,I show some independence in carrying out tasks I am given.,I show some independence in carrying out tasks I am given.,31,33
3.1.2.L2,Into action,3.1,Taking the initiative,2,Work independently,2,2,Explore,Foundation,I can work independently in simple value-creating activities.,I can work independently in simple value-creating activities.,31,33
3.1.2.L3,Into action,3.1,Taking the initiative,2,Work independently,3,3,Experiment,Intermediate,I can initiate simple value-creating activities.,I can initiate simple value-creating activities.,31,33
3.1.2.L4,Into action,3.1,Taking the initiative,2,Work independently,4,4,Dare,Intermediate,I am driven by the possibility of being able to initiate value-creating activities independently.,I am driven by the possibility of being able to initiate value-creating activities independently.,31,33
3.1.2.L5,Into action,3.1,Taking the initiative,2,Work independently,5,5,Improve,Advanced,I can initiate value-creating activities alone and with others.,I can initiate value-creating activities alone and with others.,31,33
3.1.2.L6,Into action,3.1,Taking the initiative,2,Work independently,6,6,Reinforce,Advanced,I can help others work independently.,I can help others work independently.,31,33
3.1.2.L7,Into action,3.1,Taking the initiative,2,Work independently,7,7,Expand,Expert,I praise initiative taken by others and reward it appropriately within my team and organisation.,I praise initiative taken by others and reward it appropriately within my team and organisation.,31,33
3.1.3.L1,Into action,3.1,Taking the initiative,3,Take action,1,1,Discover,Foundation,I can have a go at solving problems that affect my surroundings.,I can have a go at solving problems that affect my surroundings.,31,33
3.1.3.L2,Into action,3.1,Taking the initiative,3,Take action,2,2,Explore,Foundation,I show initiative in dealing with problems that affect my community.,I show initiative in dealing with problems that affect my community.,31,33
3.1.3.L3,Into action,3.1,Taking the initiative,3,Take action,3,4,Experiment–Dare,Intermediate,"I actively face challenges, solve problems and seize opportunities to create value.","I actively face challenges, solve problems and seize opportunities to create value.",31,33
3.1.3.L5,Into action,3.1,Taking the initiative,3,Take action,5,5,Improve,Advanced,"I take action on new ideas and opportunities, which will add value to a new or existing value-creating venture.","I take action on new ideas and opportunities, which will add value to a new or existing value-creating venture.",31,33
3.1.3.L6,Into action,3.1,Taking the initiative,3,Take action,6,6,Reinforce,Advanced,I value others taking the initiative in solving problems and creating value.,I value others taking the initiative in solving problems and creating value.,31,33
3.1.3.L7,Into action,3.1,Taking the initiative,3,Take action,7,7,Expand,Expert,I can encourage others to take the initiative in solving problems and creating value within my team and organisation.,I can encourage others to take the initiative in solving problems and creating value within my team and organisation.,31,33
3.2.1.L1,Into action,3.2,Planning and management,1,Define goals,1,1,Discover,Foundation,I can clarify what my goals are in a simple value-creating activity.,I can clarify what my goals are in a simple value-creating activity.,31,33
3.2.1.L2,Into action,3.2,Planning and management,1,Define goals,2,2,Explore,Foundation,I can identify alternative goals to create value in a simple context.,I can identify alternative goals to create value in a simple context.,31,33
3.2.1.L3,Into action,3.2,Planning and management,1,Define goals,3,3,Experiment,Intermediate,"I can describe my goals for the future in line with my strengths, ambitions, interests and achievements.","I can describe my goals for the future in line with my strengths, ambitions, interests and achievements.",31,33
3.2.1.L4,Into action,3.2,Planning and management,1,Define goals,4,4,Dare,Intermediate,I can set short-term goals that I can act on.,I can set short-term goals that I can act on.,31,33
3.2.1.L5,Into action,3.2,Planning and management,1,Define goals,5,5,Improve,Advanced,I can define long-term goals arising from the vision for my (or my team's) value-creating activity.,I can define long-term goals arising from the vision for my (or my team's) value-creating activity.,31,33
3.2.1.L6,Into action,3.2,Planning and management,1,Define goals,6,6,Reinforce,Advanced,"I can match short-term, mid-term and long-term goals to the vision for my (or my team's) value-creating activity.","I can match short-term, mid-term and long-term goals to the vision for my (or my team's) value-creating activity.",31,33
3.2.1.L7,Into action,3.2,Planning and management,1,Define goals,7,7,Expand,Expert,I can design a strategy to achieve goals in line with my (or my team's) vision.,I can design a strategy to achieve goals in line with my (or my team's) vision.,31,33
3.2.1.L8,Into action,3.2,Planning and management,1,Define goals,8,8,Transform,Expert,I can manage the balance between the need for creativity and for control so that my organisation’s capacity to achieve its goals is protected and nurtured.,I can manage the balance between the need for creativity and for control so that my organisation’s capacity to achieve its goals is protected and nurtured.,31,33
3.2.2.L1,Into action,3.2,Planning and management,2,Plan and organise,1,1,Discover,Foundation,I can carry out a simple plan for value-creating activities.,I can carry out a simple plan for value-creating activities.,32,34
3.2.2.L2,Into action,3.2,Planning and management,2,Plan and organise,2,2,Explore,Foundation,I can deal with a range of simple tasks at the same time without feeling uncomfortable.,I can deal with a range of simple tasks at the same time without feeling uncomfortable.,32,34
3.2.2.L3,Into action,3.2,Planning and management,2,Plan and organise,3,3,Experiment,Intermediate,I can create an action plan which identifies the necessary steps to achieve my goals.,I can create an action plan which identifies the necessary steps to achieve my goals.,32,34
3.2.2.L4,Into action,3.2,Planning and management,2,Plan and organise,4,4,Dare,Intermediate,I can allow for the possibility of changes to my plans.,I can allow for the possibility of changes to my plans.,32,34
3.2.2.L5,Into action,3.2,Planning and management,2,Plan and organise,5,5,Improve,Advanced,I can summarise the basics of project management.,I can summarise the basics of project management.,32,34
3.2.2.L6,Into action,3.2,Planning and management,2,Plan and organise,6,6,Reinforce,Advanced,I can apply the basics of project management in managing a value- creating activity.,I can apply the basics of project management in managing a value-creating activity.,32,34
3.2.2.L7,Into action,3.2,Planning and management,2,Plan and organise,7,7,Expand,Expert,"I can develop and stick to a detailed project management plan, adjusting to changing circumstances to make sure goals are reached.","I can develop and stick to a detailed project management plan, adjusting to changing circumstances to make sure goals are reached.",32,34
3.2.2.L8,Into action,3.2,Planning and management,2,Plan and organise,8,8,Transform,Expert,I can design managerial procedures to effectively deliver value in challenging circumstances.,I can design managerial procedures to effectively deliver value in challenging circumstances.,32,34
3.2.3.L3,Into action,3.2,Planning and management,3,Develop sustainable business plans,3,3,Experiment,Intermediate,I can develop a business model for my idea.,I can develop a business model for my idea.,32,34
3.2.3.L4,Into action,3.2,Planning and management,3,Develop sustainable business plans,4,4,Dare,Intermediate,I can define the key elements that make up the business model necessary to deliver the value I have identified.,I can define the key elements that make up the business model necessary to deliver the value I have identified.,32,34
3.2.3.L5,Into action,3.2,Planning and management,3,Develop sustainable business plans,5,5,Improve,Advanced,"I can develop a business plan based on the model, describing how to achieve the value identified.","I can develop a business plan based on the model, describing how to achieve the value identified.",32,34
3.2.3.L6,Into action,3.2,Planning and management,3,Develop sustainable business plans,6,6,Reinforce,Advanced,I can organise my value-creating activities using planning methods such as business and marketing plans.,I can organise my value-creating activities using planning methods such as business and marketing plans.,32,34
3.2.3.L7,Into action,3.2,Planning and management,3,Develop sustainable business plans,7,7,Expand,Expert,I can keep my planning methods updated and adapt them to changing circumstances.,I can keep my planning methods updated and adapt them to changing circumstances.,32,34
3.2.3.L8,Into action,3.2,Planning and management,3,Develop sustainable business plans,8,8,Transform,Expert,I can adapt my value-creating activity’s business model to face new challenges.,I can adapt my value-creating activity’s business model to face new challenges.,32,34
3.2.4.L1,Into action,3.2,Planning and management,4,Define priorities,1,1,Discover,Foundation,I can recall the order of steps that was needed in a simple value-creating activity I took part in.,I can recall the order of steps that was needed in a simple value-creating activity I took part in.,32,34
3.2.4.L2,Into action,3.2,Planning and management,4,Define priorities,2,2,Explore,Foundation,I can identify the basic steps that are needed in a value-creating activity.,I can identify the basic steps that are needed in a value-creating activity.,32,34
3.2.4.L3,Into action,3.2,Planning and management,4,Define priorities,3,3,Experiment,Intermediate,I can prioritise the basic steps in a value-creating activity.,I can prioritise the basic steps in a value-creating activity.,32,34
3.2.4.L4,Into action,3.2,Planning and management,4,Define priorities,4,4,Dare,Intermediate,I can set my own priorities and act on them.,I can set my own priorities and act on them.,32,34
3.2.4.L5,Into action,3.2,Planning and management,4,Define priorities,5,5,Improve,Advanced,I can define the priorities to meet my (or my team’s) vision.,I can define the priorities to meet my (or my team’s) vision.,32,34
3.2.4.L6,Into action,3.2,Planning and management,4,Define priorities,6,6,Reinforce,Advanced,"I can stay focused on the priorities set, despite changing circumstances.","I can stay focused on the priorities set, despite changing circumstances.",32,34
3.2.4.L7,Into action,3.2,Planning and management,4,Define priorities,7,7,Expand,Expert,"I can define priorities in uncertain circumstances, with partial or ambiguous information.","I can define priorities in uncertain circumstances, with partial or ambiguous information.",32,34
3.2.5.L1,Into action,3.2,Planning and management,5,Monitor your progress,1,1,Discover,Foundation,I can recognise how much progress I have made on a task.,I can recognise how much progress I have made on a task.,32,34
3.2.5.L2,Into action,3.2,Planning and management,5,Monitor your progress,2,2,Explore,Foundation,I can monitor whether a task is going to plan.,I can monitor whether a task is going to plan.,32,34
3.2.5.L3,Into action,3.2,Planning and management,5,Monitor your progress,3,3,Experiment,Intermediate,I can identify different types of data that are necessary for monitoring the progress of a simple value-creating activity.,I can identify different types of data that are necessary for monitoring the progress of a simple value-creating activity.,32,34
3.2.5.L4,Into action,3.2,Planning and management,5,Monitor your progress,4,4,Dare,Intermediate,I can set basic milestones and observation indicators to monitor the progress of my value-creating activity.,I can set basic milestones and observation indicators to monitor the progress of my value-creating activity.,32,34
3.2.5.L5,Into action,3.2,Planning and management,5,Monitor your progress,5,5,Improve,Advanced,I can describe different methods for performance and impact monitoring.,I can describe different methods for performance and impact monitoring.,32,34
3.2.5.L6,Into action,3.2,Planning and management,5,Monitor your progress,6,6,Reinforce,Advanced,I can define what data is needed to monitor how effective my value-creating activities are and an appropriate way to collect them.,I can define what data is needed to monitor how effective my value-creating activities are and an appropriate way to collect them.,32,34
3.2.5.L7,Into action,3.2,Planning and management,5,Monitor your progress,7,7,Expand,Expert,I can develop the performance indicators I (or my team) need to monitor progress towards a successful outcome in changing circumstances.,I can develop the performance indicators I (or my team) need to monitor progress towards a successful outcome in changing circumstances.,32,34
3.2.5.L8,Into action,3.2,Planning and management,5,Monitor your progress,8,8,Transform,Expert,I can design and put in place a data-collection plan to monitor whether my venture is achieving its aims.,I can design and put in place a data-collection plan to monitor whether my venture is achieving its aims.,32,34
3.2.6.L1,Into action,3.2,Planning and management,6,Be flexible and adapt to changes,1,1,Discover,Foundation,I am open to changes.,I am open to changes.,32,34
3.2.6.L2,Into action,3.2,Planning and management,6,Be flexible and adapt to changes,2,2,Explore,Foundation,I can confront and deal with changes in a constructive way.,I can confront and deal with changes in a constructive way.,32,34
3.2.6.L3,Into action,3.2,Planning and management,6,Be flexible and adapt to changes,3,3,Experiment,Intermediate,I can change my plans based on the needs of my team.,I can change my plans based on the needs of my team.,32,34
3.2.6.L4,Into action,3.2,Planning and management,6,Be flexible and adapt to changes,4,4,Dare,Intermediate,I can adapt my plans to achieve my goals in light of changes that are outside my control.,I can adapt my plans to achieve my goals in light of changes that are outside my control.,32,34
3.2.6.L5,Into action,3.2,Planning and management,6,Be flexible and adapt to changes,5,5,Improve,Advanced,I can embrace change that brings new opportunities for value creation,I can embrace change that brings new opportunities for value creation,32,34
3.2.6.L6,Into action,3.2,Planning and management,6,Be flexible and adapt to changes,6,6,Reinforce,Advanced,I can anticipate and include change along the value-creating process.,I can anticipate and include change along the value-creating process.,32,34
3.2.6.L7,Into action,3.2,Planning and management,6,Be flexible and adapt to changes,7,7,Expand,Expert,"I can use the results of monitoring to adjust vision, aims, priorities, resource planning, action steps or any other aspect of the value- creating process.","I can use the results of monitoring to adjust vision, aims, priorities, resource planning, action steps or any other aspect of the value-creating process.",32,34
3.2.6.L8,Into action,3.2,Planning and management,6,Be flexible and adapt to changes,8,8,Transform,Expert,I can communicate effectively to the organisation the reason for changes and adjustments.,I can communicate effectively to the organisation the reason for changes and adjustments.,32,34
3.3.1.L1,Into action,3.3,"Coping with uncertainty, ambiguity and risk",1,Cope with uncertainty and ambiguity,1,1,Discover,Foundation,I am not afraid of making mistakes while trying new things.,I am not afraid of making mistakes while trying new things.,33,35
3.3.1.L2,Into action,3.3,"Coping with uncertainty, ambiguity and risk",1,Cope with uncertainty and ambiguity,2,2,Explore,Foundation,I explore my own ways to achieve things.,I explore my own ways to achieve things.,33,35
3.3.1.L3,Into action,3.3,"Coping with uncertainty, ambiguity and risk",1,Cope with uncertainty and ambiguity,3,3,Experiment,Intermediate,"I can discuss the role that information plays in reducing uncertainty, ambiguity and risk.","I can discuss the role that information plays in reducing uncertainty, ambiguity and risk.",33,35
3.3.1.L4,Into action,3.3,"Coping with uncertainty, ambiguity and risk",1,Cope with uncertainty and ambiguity,4,4,Dare,Intermediate,"I can actively look for, compare and contrast different sources of information that help me reduce ambiguity, uncertainty, and risks in making decisions.","I can actively look for, compare and contrast different sources of information that help me reduce ambiguity, uncertainty, and risks in making decisions.",33,35
3.3.1.L5,Into action,3.3,"Coping with uncertainty, ambiguity and risk",1,Cope with uncertainty and ambiguity,5,5,Improve,Advanced,I can find ways of making decisions when the information is incomplete.,I can find ways of making decisions when the information is incomplete.,33,35
3.3.1.L6,Into action,3.3,"Coping with uncertainty, ambiguity and risk",1,Cope with uncertainty and ambiguity,6,6,Reinforce,Advanced,I can pull together different viewpoints to take informed decisions when the degree of uncertainty is high,I can pull together different viewpoints to take informed decisions when the degree of uncertainty is high,33,35
3.3.1.L7,Into action,3.3,"Coping with uncertainty, ambiguity and risk",1,Cope with uncertainty and ambiguity,7,7,Expand,Expert,I can make decisions evaluating the different elements in a situation that is uncertain and ambiguous.,I can make decisions evaluating the different elements in a situation that is uncertain and ambiguous.,33,35
3.3.1.L8,Into action,3.3,"Coping with uncertainty, ambiguity and risk",1,Cope with uncertainty and ambiguity,8,8,Transform,Expert,"I can set up appropriate strategies for collecting and monitoring data, which help me take decisions based on sound evidence.","I can set up appropriate strategies for collecting and monitoring data, which help me take decisions based on sound evidence.",33,35
3.3.2.L1,Into action,3.3,"Coping with uncertainty, ambiguity and risk",2,Calculate risk,1,1,Discover,Foundation,I can identify examples of risks in my surroundings.,I can identify examples of risks in my surroundings.,33,35
3.3.2.L2,Into action,3.3,"Coping with uncertainty, ambiguity and risk",2,Calculate risk,2,2,Explore,Foundation,I can describe risks related to a simple value-creating activity in which I take part.,I can describe risks related to a simple value-creating activity in which I take part.,33,35
3.3.2.L3,Into action,3.3,"Coping with uncertainty, ambiguity and risk",2,Calculate risk,3,3,Experiment,Intermediate,I can tell the difference between acceptable and unacceptable risks.,I can tell the difference between acceptable and unacceptable risks.,33,35
3.3.2.L4,Into action,3.3,"Coping with uncertainty, ambiguity and risk",2,Calculate risk,4,4,Dare,Intermediate,"I can weigh up the risks and benefits of self-employment with alternative career options, and make choices that reflect my preferences.","I can weigh up the risks and benefits of self-employment with alternative career options, and make choices that reflect my preferences.",33,35
3.3.2.L5,Into action,3.3,"Coping with uncertainty, ambiguity and risk",2,Calculate risk,5,5,Improve,Advanced,I can apply the concept of affordable losses to make decisions when creating value.,I can apply the concept of affordable losses to make decisions when creating value.,33,35
3.3.2.L6,Into action,3.3,"Coping with uncertainty, ambiguity and risk",2,Calculate risk,6,6,Reinforce,Advanced,I can compare value-creating activities based on a risk assessment.,I can compare value-creating activities based on a risk assessment.,33,35
3.3.2.L7,Into action,3.3,"Coping with uncertainty, ambiguity and risk",2,Calculate risk,7,7,Expand,Expert,I can assess the risks my venture is exposed to as conditions change.,I can assess the risks my venture is exposed to as conditions change.,33,35
3.3.2.L8,Into action,3.3,"Coping with uncertainty, ambiguity and risk",2,Calculate risk,8,8,Transform,Expert,I can evaluate high-risk long-term investments using a structured approach.,I can evaluate high-risk long-term investments using a structured approach.,33,35
3.3.3.L3,Into action,3.3,"Coping with uncertainty, ambiguity and risk",3,Manage risk,3,3,Experiment,Intermediate,"I can critically evaluate the risks associated with an idea that creates value, taking into account a variety of factors.","I can critically evaluate the risks associated with an idea that creates value, taking into account a variety of factors.",33,35
3.3.3.L4,Into action,3.3,"Coping with uncertainty, ambiguity and risk",3,Manage risk,4,4,Dare,Intermediate,I can critically evaluate the risks related to the formal setup of a value-creating venture in the area in which I work.,I can critically evaluate the risks related to the formal setup of a value-creating venture in the area in which I work.,33,35
3.3.3.L5,Into action,3.3,"Coping with uncertainty, ambiguity and risk",3,Manage risk,5,5,Improve,Advanced,I can demonstrate that I can make decisions by weighing up both the risks and the expected benefits of a value-creating activity.,I can demonstrate that I can make decisions by weighing up both the risks and the expected benefits of a value-creating activity.,33,35
3.3.3.L6,Into action,3.3,"Coping with uncertainty, ambiguity and risk",3,Manage risk,6,6,Reinforce,Advanced,I can outline a risk management plan for guiding my (or my team's) choices while developing my value-creating activity.,I can outline a risk management plan for guiding my (or my team's) choices while developing my value-creating activity.,33,35
3.3.3.L7,Into action,3.3,"Coping with uncertainty, ambiguity and risk",3,Manage risk,7,7,Expand,Expert,I can use strategies to reduce the risks that may arise during the value-creating process.,I can use strategies to reduce the risks that may arise during the value-creating process.,33,35
3.3.3.L8,Into action,3.3,"Coping with uncertainty, ambiguity and risk",3,Manage risk,8,8,Transform,Expert,I can come up with strategies to reduce the risk of my value-creating initiative becoming obsolete.,I can come up with strategies to reduce the risk of my value-creating initiative becoming obsolete.,33,35
3.4.1.L1,Into action,3.4,Working with others,1,Accept diversity (people’s differences),1,1,Discover,Foundation,"I can show respect for others, their background and situations.","I can show respect for others, their background and situations.",33,35
3.4.1.L2,Into action,3.4,Working with others,1,Accept diversity (people’s differences),2,2,Explore,Foundation,I am open to the worth that others can bring to value-creating activities.,I am open to the worth that others can bring to value-creating activities.,33,35
3.4.1.L3,Into action,3.4,Working with others,1,Accept diversity (people’s differences),3,3,Experiment,Intermediate,I can combine different contributions to create value.,I can combine different contributions to create value.,33,35
3.4.1.L4,Into action,3.4,Working with others,1,Accept diversity (people’s differences),4,4,Dare,Intermediate,I can value diversity as a possible source of ideas and opportunities.,I can value diversity as a possible source of ideas and opportunities.,33,35
3.4.1.L6,Into action,3.4,Working with others,1,Accept diversity (people’s differences),6,6,Reinforce,Advanced,I can support diversity within my team or organisation.,I can support diversity within my team or organisation.,33,35
3.4.1.L7,Into action,3.4,Working with others,1,Accept diversity (people’s differences),7,7,Expand,Expert,"Outside of my organisation, I can find ideas that create value and make the most of them.","Outside of my organisation, I can find ideas that create value and make the most of them.",33,35
3.4.2.L1,Into action,3.4,Working with others,2,Develop emotional intelligence,1,1,Discover,Foundation,I can show empathy towards others.,I can show empathy towards others.,33,35
3.4.2.L2,Into action,3.4,Working with others,2,Develop emotional intelligence,2,2,Explore,Foundation,"I can recognise the role of my emotions, attitudes and behaviours in shaping others people’s attitudes and behaviours and vice versa.","I can recognise the role of my emotions, attitudes and behaviours in shaping others people’s attitudes and behaviours and vice versa.",33,35
3.4.2.L3,Into action,3.4,Working with others,2,Develop emotional intelligence,3,3,Experiment,Intermediate,I can express my (or my team's) value-creating ideas assertively.,I can express my (or my team's) value-creating ideas assertively.,33,35
3.4.2.L4,Into action,3.4,Working with others,2,Develop emotional intelligence,4,4,Dare,Intermediate,I can face and solve conflicts.,I can face and solve conflicts.,33,35
3.4.2.L5,Into action,3.4,Working with others,2,Develop emotional intelligence,5,5,Improve,Advanced,I can compromise where necessary.,I can compromise where necessary.,33,35
3.4.2.L6,Into action,3.4,Working with others,2,Develop emotional intelligence,6,6,Reinforce,Advanced,"I can deal with non-assertive behaviour that hinders my (or my team's) value -creating activities (for example, destructive attitudes, aggressive behaviour and so on).","I can deal with non-assertive behaviour that hinders my (or my team's) value-creating activities (for example, destructive attitudes, aggressive behaviour and so on).",33,35
3.4.2.L7,Into action,3.4,Working with others,2,Develop emotional intelligence,7,7,Expand,Expert,I can manage conflicts effectively.,I can manage conflicts effectively.,33,35
3.4.3.L1,Into action,3.4,Working with others,3,Listen actively,1,1,Discover,Foundation,I can show empathy towards others.,I can show empathy towards others.,34,36
3.4.3.L2,Into action,3.4,Working with others,3,Listen actively,2,2,Explore,Foundation,I can discuss the benefits of listening to other people’s ideas for achieving my (or my team's) goals.,I can discuss the benefits of listening to other people’s ideas for achieving my (or my team's) goals.,34,36
3.4.3.L3,Into action,3.4,Working with others,3,Listen actively,3,3,Experiment,Intermediate,I can listen to other people’s ideas for creating value without showing prejudice.,I can listen to other people’s ideas for creating value without showing prejudice.,34,36
3.4.3.L4,Into action,3.4,Working with others,3,Listen actively,4,4,Dare,Intermediate,I can listen to my end users.,I can listen to my end users.,34,36
3.4.3.L5,Into action,3.4,Working with others,3,Listen actively,5,5,Improve,Advanced,I can describe different techniques for managing relationships with end users.,I can describe different techniques for managing relationships with end users.,34,36
3.4.3.L6,Into action,3.4,Working with others,3,Listen actively,6,6,Reinforce,Advanced,I can put in place strategies to actively listen to my end users and act on their needs.,I can put in place strategies to actively listen to my end users and act on their needs.,34,36
3.4.3.L7,Into action,3.4,Working with others,3,Listen actively,7,7,Expand,Expert,I can pull together information from a wide range of sources to understand my end users' needs.,I can pull together information from a wide range of sources to understand my end users' needs.,34,36
3.4.4.L1,Into action,3.4,Working with others,4,Team up,1,1,Discover,Foundation,"I am open to working alone as well as with others, playing different roles and taking some responsibility.","I am open to working alone as well as with others, playing different roles and taking some responsibility.",34,36
3.4.4.L2,Into action,3.4,Working with others,4,Team up,2,2,Explore,Foundation,I am willing to change my way of working in a group.,I am willing to change my way of working in a group.,34,36
3.4.4.L3,Into action,3.4,Working with others,4,Team up,3,3,Experiment,Intermediate,I can work with a range of individuals and teams.,I can work with a range of individuals and teams.,34,36
3.4.4.L4,Into action,3.4,Working with others,4,Team up,4,4,Dare,Intermediate,I share the ownership of value-creating activities with the members of my team,I share the ownership of value-creating activities with the members of my team,34,36
3.4.4.L5,Into action,3.4,Working with others,4,Team up,5,5,Improve,Advanced,"I can build a team based on the individual knowledge, skills and attitudes of each member.","I can build a team based on the individual knowledge, skills and attitudes of each member.",34,36
3.4.4.L6,Into action,3.4,Working with others,4,Team up,6,6,Reinforce,Advanced,I can contribute to creating value by teaming up with distributed communities through digital technologies.,I can contribute to creating value by teaming up with distributed communities through digital technologies.,34,36
3.4.4.L7,Into action,3.4,Working with others,4,Team up,7,7,Expand,Expert,I can design physical and virtual spaces that encourage team members to work together.,I can design physical and virtual spaces that encourage team members to work together.,34,36
3.4.4.L8,Into action,3.4,Working with others,4,Team up,8,8,Transform,Expert,I can build an organisation’s capacity to create value by encouraging people to work together.,I can build an organisation’s capacity to create value by encouraging people to work together.,34,36
3.4.5.L1,Into action,3.4,Working with others,5,Work together,1,1,Discover,Foundation,I am open to involving others in my value-creating activities.,I am open to involving others in my value-creating activities.,34,36
3.4.5.L2,Into action,3.4,Working with others,5,Work together,2,2,Explore,Foundation,I can contribute to simple value-creating activities.,I can contribute to simple value-creating activities.,34,36
3.4.5.L3,Into action,3.4,Working with others,5,Work together,3,3,Experiment,Intermediate,I can contribute to group decision-making constructively.,I can contribute to group decision-making constructively.,34,36
3.4.5.L4,Into action,3.4,Working with others,5,Work together,4,4,Dare,Intermediate,I can create a team of people who can work together in a value-creating activity.,I can create a team of people who can work together in a value-creating activity.,34,36
3.4.5.L5,Into action,3.4,Working with others,5,Work together,5,5,Improve,Advanced,I can use techniques and tools that help people to work together.,I can use techniques and tools that help people to work together.,34,36
3.4.5.L6,Into action,3.4,Working with others,5,Work together,6,6,Reinforce,Advanced,I can give people the help and support they need to perform at their best within a team.,I can give people the help and support they need to perform at their best within a team.,34,36
3.4.5.L7,Into action,3.4,Working with others,5,Work together,7,7,Expand,Expert,I can work with a remote team of people who can independently contribute to a value-creating activity.,I can work with a remote team of people who can independently contribute to a value-creating activity.,34,36
3.4.5.L8,Into action,3.4,Working with others,5,Work together,8,8,Transform,Expert,I can design working methods and incentives that enable team members to work well together.,I can design working methods and incentives that enable team members to work well together.,34,36
3.4.6.L1,Into action,3.4,Working with others,6,Expand your network,1,1,Discover,Foundation,"I can explain the meaning and forms of association, cooperation and peer-to-peer support (for example, family and other communities).","I can explain the meaning and forms of association, cooperation and peer-to-peer support (for example, family and other communities).",34,36
3.4.6.L2,Into action,3.4,Working with others,6,Expand your network,2,2,Explore,Foundation,I am open to establishing new contacts and cooperation with others (individuals and groups).,I am open to establishing new contacts and cooperation with others (individuals and groups).,34,36
3.4.6.L3,Into action,3.4,Working with others,6,Expand your network,3,3,Experiment,Intermediate,"I can use the relationships I have to get the support I need to turn ideas into action, including emotional support.","I can use the relationships I have to get the support I need to turn ideas into action, including emotional support.",34,36
3.4.6.L4,Into action,3.4,Working with others,6,Expand your network,4,4,Dare,Intermediate,"I can establish new relationships to get the support I need to turn ideas into action, including emotional support (for example, joining a mentor network).","I can establish new relationships to get the support I need to turn ideas into action, including emotional support (for example, joining a mentor network).",34,36
3.4.6.L5,Into action,3.4,Working with others,6,Expand your network,5,5,Improve,Advanced,I can use my network to find the right people to work on my (or my team's) value-creating activity.,I can use my network to find the right people to work on my (or my team's) value-creating activity.,34,36
3.4.6.L6,Into action,3.4,Working with others,6,Expand your network,6,6,Reinforce,Advanced,"I proactively make contact with the right people inside and outside my organisation to support my (or my team's) value-creating activity (for example, at conferences or on social media).","I proactively make contact with the right people inside and outside my organisation to support my (or my team's) value-creating activity (for example, at conferences or on social media).",34,36
3.4.6.L7,Into action,3.4,Working with others,6,Expand your network,7,7,Expand,Expert,I can use my network to bring together different perspectives to inform my (or my team's) value-creating process.,I can use my network to bring together different perspectives to inform my (or my team's) value-creating process.,34,36
3.4.6.L8,Into action,3.4,Working with others,6,Expand your network,8,8,Transform,Expert,I can design effective processes to build networks of different or new stakeholders and keep them engaged.,I can design effective processes to build networks of different or new stakeholders and keep them engaged.,34,36
3.5.1.L1,Into action,3.5,Learning through experience,1,Reflect,1,1,Discover,Foundation,I can find examples of great failures that have created value.,I can find examples of great failures that have created value.,34,36
3.5.1.L2,Into action,3.5,Learning through experience,1,Reflect,2,2,Explore,Foundation,I can provide examples of temporary failures that have led to valuable achievements.,I can provide examples of temporary failures that have led to valuable achievements.,34,36
3.5.1.L3,Into action,3.5,Learning through experience,1,Reflect,3,3,Experiment,Intermediate,"I can reflect on failures (mine and other people’s), identify their causes and learn from them.","I can reflect on failures (mine and other people’s), identify their causes and learn from them.",34,36
3.5.1.L4,Into action,3.5,Learning through experience,1,Reflect,4,4,Dare,Intermediate,"I can judge if and how I have achieved my goals, so that I can evaluate my performance and learn from it.","I can judge if and how I have achieved my goals, so that I can evaluate my performance and learn from it.",34,36
3.5.1.L5,Into action,3.5,Learning through experience,1,Reflect,5,5,Improve,Advanced,I can reflect on my (or my team's) achievements and temporary failures as things develop so as to learn and improve my ability to create value.,I can reflect on my (or my team's) achievements and temporary failures as things develop so as to learn and improve my ability to create value.,34,36
3.5.1.L6,Into action,3.5,Learning through experience,1,Reflect,6,6,Reinforce,Advanced,I can help others reflect on their achievements and temporary failures by providing honest and constructive feedback.,I can help others reflect on their achievements and temporary failures by providing honest and constructive feedback.,34,36
3.5.1.L7,Into action,3.5,Learning through experience,1,Reflect,7,7,Expand,Expert,"I can take my team or the organisation to a higher level of performance, based on the feedback collected and by learning lessons from achievements and failures.","I can take my team or the organisation to a higher level of performance, based on the feedback collected and by learning lessons from achievements and failures.",34,36
3.5.2.L1,Into action,3.5,Learning through experience,2,Learn to learn,1,1,Discover,Foundation,I can provide examples that show that my abilities and competence have increased with experience.,I can provide examples that show that my abilities and competence have increased with experience.,34,36
3.5.2.L2,Into action,3.5,Learning through experience,2,Learn to learn,2,2,Explore,Foundation,"I can anticipate that my abilities and competence will grow with experience, through both successes and failures.","I can anticipate that my abilities and competence will grow with experience, through both successes and failures.",34,36
3.5.2.L3,Into action,3.5,Learning through experience,2,Learn to learn,3,3,Experiment,Intermediate,I can reflect on the relevance of my learning pathways for my future opportunities and choices.,I can reflect on the relevance of my learning pathways for my future opportunities and choices.,34,36
3.5.2.L4,Into action,3.5,Learning through experience,2,Learn to learn,4,4,Dare,Intermediate,I am always looking for opportunities to improve my strengths and reduce or compensate for my weaknesses.,I am always looking for opportunities to improve my strengths and reduce or compensate for my weaknesses.,34,36
3.5.2.L5,Into action,3.5,Learning through experience,2,Learn to learn,5,5,Improve,Advanced,I can find and choose opportunities to overcome my (or my team’s) weaknesses and to develop my (or my team’s) strengths.,I can find and choose opportunities to overcome my (or my team’s) weaknesses and to develop my (or my team’s) strengths.,34,36
3.5.2.L6,Into action,3.5,Learning through experience,2,Learn to learn,6,6,Reinforce,Advanced,I can help others develop their strengths and reduce or compensate for their weaknesses.,I can help others develop their strengths and reduce or compensate for their weaknesses.,34,36
3.5.2.L7,Into action,3.5,Learning through experience,2,Learn to learn,7,7,Expand,Expert,I can identify opportunities for self-improvement in my organisation and beyond.,I can identify opportunities for self-improvement in my organisation and beyond.,34,36
3.5.2.L8,Into action,3.5,Learning through experience,2,Learn to learn,8,8,Transform,Expert,I can design and put in place a strategy for my venture to continue to generate value.,I can design and put in place a strategy for my venture to continue to generate value.,34,36
3.5.3.L1,Into action,3.5,Learning through experience,3,Learn from experience,1,1,Discover,Foundation,I can recognise what I have learnt from taking part in value- creating activities.,I can recognise what I have learnt from taking part in value-creating activities.,35,37
3.5.3.L2,Into action,3.5,Learning through experience,3,Learn from experience,2,2,Explore,Foundation,I can reflect on my experience in taking part in value-creating activities and learn from it.,I can reflect on my experience in taking part in value-creating activities and learn from it.,35,37
3.5.3.L3,Into action,3.5,Learning through experience,3,Learn from experience,3,3,Experiment,Intermediate,I can reflect on my interaction with others (including peers and mentors) and learn from it.,I can reflect on my interaction with others (including peers and mentors) and learn from it.,35,37
3.5.3.L4,Into action,3.5,Learning through experience,3,Learn from experience,4,4,Dare,Intermediate,I can filter the feedback provided by others and keep the good from it.,I can filter the feedback provided by others and keep the good from it.,35,37
3.5.3.L5,Into action,3.5,Learning through experience,3,Learn from experience,5,5,Improve,Advanced,I can integrate lifelong learning into my personal development strategy and career progress.,I can integrate lifelong learning into my personal development strategy and career progress.,35,37
3.5.3.L6,Into action,3.5,Learning through experience,3,Learn from experience,6,6,Reinforce,Advanced,I can help others reflect on their interaction with other people and help them learn from this interaction.,I can help others reflect on their interaction with other people and help them learn from this interaction.,35,37
3.5.3.L7,Into action,3.5,Learning through experience,3,Learn from experience,7,7,Expand,Expert,I can learn from the impact-monitoring and evaluation activities that I have designed to track the progress of my value-creating activity.,I can learn from the impact-monitoring and evaluation activities that I have designed to track the progress of my value-creating activity.,35,37
3.5.3.L8,Into action,3.5,Learning through experience,3,Learn from experience,8,8,Transform,Expert,I can learn lessons from monitoring and evaluation processes and establish them into my organisation’s learning processes.,I can learn lessons from monitoring and evaluation processes and establish them into my organisation’s learning processes.,35,37
